date,Payrolls - New York-Newark-Jersey City (000s),Payrolls - Los Angeles-Long Beach-Anaheim (000s),Payrolls - Chicago-Naperville-Elgin (000s),Payrolls - Dallas-Fort Worth-Arlington (000s),Payrolls - Houston-Pasadena-The Woodlands (000s),Payrolls - Washington-Arlington-Alexandria (000s),Payrolls - Philadelphia-Camden-Wilmington (000s),Payrolls - Atlanta-Sandy Springs-Roswell (000s),Payrolls - Miami-Fort Lauderdale-West Palm Beach (000s),Payrolls - Boston-Cambridge-Newton (000s),Payrolls - Phoenix-Mesa-Chandler (000s),Payrolls - Seattle-Tacoma-Bellevue (000s),Payrolls - Detroit-Warren-Dearborn (000s),Payrolls - Minneapolis-St. Paul-Bloomington (000s),Payrolls - Riverside-San Bernardino-Ontario (000s),Payrolls - Denver-Aurora-Centennial (000s),Payrolls - San Diego-Chula Vista-Carlsbad (000s),Payrolls - Tampa-St. Petersburg-Clearwater (000s),Payrolls - Orlando-Kissimmee-Sanford (000s),Payrolls - Baltimore-Columbia-Towson (000s),Payrolls - Austin-Round Rock-San Marcos (000s),Payrolls - Charlotte-Concord-Gastonia (000s),Payrolls - Portland-Vancouver-Hillsboro (000s),Payrolls - Nashville-Davidson-Murfreesboro-Franklin (000s),Payrolls - Pittsburgh (000s),Payrolls - San Antonio-New Braunfels (000s),"Payrolls - Columbus, OH (000s)",Payrolls - Las Vegas-Henderson-North Las Vegas (000s),Payrolls - Cincinnati (000s),Payrolls - Indianapolis-Carmel-Greenwood (000s),Payrolls - Kansas City (000s),Payrolls - Sacramento-Roseville-Folsom (000s),Payrolls - Cleveland (000s),Payrolls - Salt Lake City-Murray (000s),Payrolls - Raleigh-Cary (000s),Payrolls - San Francisco-Oakland-Fremont (000s),Payrolls - San Jose-Sunnyvale-Santa Clara (000s),Payrolls - Santa Rosa-Petaluma (000s),Payrolls - Vallejo (000s),Payrolls - Napa (000s)
1990-01-01,8058.7,5421.7,3971.0,1997.7,1738.0,2255.4,2516.2,1614.6,1696.4,2209.8,999.4,1287.7,1907.2,1398.2,708.1,845.6,972.5,861.9,571.4,1153.8,387.1,695.2,727.5,556.1,1064.9,546.4,736.8,364.3,859.7,711.8,821.0,617.3,1058.2,365.0,293.4,1823.3,828.6,137.9,96.8,40.1
1990-02-01,8044.7,5425.2,3973.5,2000.1,1745.1,2255.1,2517.6,1618.1,1698.8,2202.8,1003.6,1290.6,1913.3,1402.8,711.3,847.1,973.8,863.6,576.6,1159.6,387.4,700.1,726.0,556.5,1068.5,545.3,739.2,364.4,861.6,712.9,821.0,617.8,1059.8,364.9,295.7,1819.4,828.8,137.6,95.8,40.4
1990-03-01,8039.4,5418.4,3974.5,2002.9,1752.2,2256.2,2523.4,1622.7,1702.5,2196.2,1007.4,1292.4,1916.3,1403.3,713.9,848.5,976.0,864.0,577.7,1163.8,390.3,701.0,731.4,557.0,1070.1,545.0,740.9,367.3,863.3,714.5,821.4,619.8,1060.8,366.3,295.8,1819.7,829.3,137.8,95.8,40.2
1990-04-01,7987.7,5413.2,3960.0,2005.0,1763.2,2249.6,2505.5,1617.6,1699.1,2190.3,1017.5,1298.2,1914.0,1405.0,714.8,850.6,976.1,866.3,578.1,1156.8,393.6,700.3,735.1,554.9,1070.2,544.9,743.6,370.1,862.2,712.1,816.6,622.3,1063.0,364.3,295.7,1826.3,830.0,138.4,96.5,41.3
1990-05-01,7996.7,5405.1,3957.3,2006.4,1776.8,2248.8,2502.4,1616.6,1700.1,2185.5,1017.0,1302.9,1915.9,1402.9,719.2,856.1,978.1,865.2,580.1,1155.7,397.6,699.8,738.0,554.9,1069.6,545.9,744.0,371.4,864.1,713.0,818.0,624.2,1063.8,366.2,295.1,1826.3,830.0,138.5,96.9,41.9
1990-06-01,7987.9,5391.9,3965.9,2014.0,1790.3,2254.5,2507.0,1623.4,1698.7,2176.8,1016.9,1310.7,1919.5,1405.0,722.9,857.4,973.6,867.1,582.4,1155.2,397.2,699.7,740.4,552.3,1071.7,548.3,746.3,374.9,863.4,711.8,818.5,624.6,1066.2,368.3,295.2,1832.4,829.2,138.9,97.1,41.9
1990-07-01,7950.0,5372.3,3966.5,2021.8,1799.5,2249.6,2507.1,1628.1,1693.7,2169.3,1014.4,1312.0,1918.7,1407.3,724.0,854.8,978.5,864.2,585.4,1154.4,398.5,696.0,739.3,552.5,1077.1,546.5,747.1,378.5,865.0,715.8,818.9,625.6,1061.6,369.6,297.5,1840.9,831.0,139.7,97.3,41.9
1990-08-01,7944.9,5349.3,3962.8,2027.4,1803.5,2251.1,2506.4,1628.1,1694.6,2157.3,1012.8,1321.3,1918.5,1409.8,722.5,858.7,980.1,870.8,585.1,1154.3,398.3,693.7,750.2,554.1,1073.6,547.1,748.1,379.9,867.9,717.6,821.3,626.3,1060.3,371.3,296.6,1832.3,831.3,139.7,97.0,41.9
1990-09-01,7922.9,5327.2,3968.0,2027.3,1808.3,2247.2,2500.7,1626.8,1691.7,2145.7,1017.3,1314.0,1915.5,1409.1,723.8,862.2,981.5,865.9,581.9,1149.5,398.3,695.2,745.0,554.1,1072.3,549.3,748.5,379.1,868.0,717.7,822.4,627.7,1060.1,372.1,296.6,1839.1,828.0,140.2,97.1,42.3
1990-10-01,7843.4,5345.8,3945.5,2026.8,1804.8,2231.3,2483.7,1620.2,1690.8,2124.9,1015.2,1305.9,1908.1,1406.9,726.7,860.7,982.1,862.4,579.6,1138.2,398.9,690.9,742.0,552.3,1069.6,549.8,747.0,380.2,867.8,718.9,821.9,630.6,1054.2,373.0,296.2,1842.5,832.4,140.9,96.6,42.3
1990-11-01,7824.2,5319.5,3944.0,2029.1,1806.7,2223.5,2478.0,1618.4,1685.5,2117.6,1017.2,1311.2,1898.5,1406.9,727.9,863.3,982.4,859.2,580.5,1136.6,401.6,690.6,741.7,552.6,1070.0,550.6,746.5,381.5,867.4,717.7,825.0,630.5,1051.2,373.1,295.9,1842.3,827.4,141.0,97.2,42.4
1990-12-01,7802.1,5314.5,3940.5,2031.8,1815.5,2218.1,2472.7,1612.3,1681.1,2108.9,1012.7,1307.4,1898.0,1404.9,729.7,863.6,981.6,859.0,578.2,1133.8,403.0,689.6,741.6,552.2,1068.5,550.7,747.8,381.8,867.5,716.0,820.7,632.9,1049.2,373.6,295.6,1843.8,825.6,142.0,97.2,43.1
1991-01-01,7719.1,5276.8,3942.7,2026.6,1808.1,2214.5,2460.3,1613.2,1673.4,2091.0,1017.6,1303.8,1882.8,1401.3,734.8,862.6,987.9,851.8,575.8,1125.6,404.0,689.3,737.0,553.2,1066.4,549.7,745.2,382.3,866.3,717.3,820.2,644.9,1047.1,374.3,294.6,1849.3,835.9,143.9,97.4,42.6
1991-02-01,7689.9,5250.7,3933.5,2019.9,1811.3,2210.1,2453.1,1602.5,1663.1,2078.2,1016.7,1301.8,1868.4,1396.6,730.5,862.0,983.4,848.1,574.0,1121.1,404.7,687.1,738.4,551.9,1064.3,549.1,742.5,383.4,863.3,715.8,819.1,642.8,1044.1,375.2,294.0,1842.0,833.2,143.3,97.8,42.8
1991-03-01,7664.6,5226.3,3927.8,2020.3,1817.6,2202.2,2449.6,1596.3,1655.7,2073.2,1017.1,1306.1,1867.0,1397.5,729.2,862.2,981.0,846.0,571.9,1118.1,406.2,685.2,739.9,552.1,1063.2,550.8,742.5,383.7,863.4,716.8,818.8,641.0,1043.3,375.7,293.8,1836.3,828.6,142.9,97.6,42.7
1991-04-01,7613.8,5232.8,3922.0,2020.2,1817.8,2194.0,2443.0,1596.4,1656.2,2058.9,1009.7,1305.4,1866.3,1397.9,730.9,862.3,981.3,840.3,572.0,1112.2,405.8,684.7,737.8,553.0,1062.7,549.1,740.4,384.1,861.4,721.0,819.6,639.8,1040.2,375.6,294.1,1837.6,826.7,142.7,97.7,42.7
1991-05-01,7594.3,5215.9,3909.7,2019.7,1818.8,2193.6,2436.0,1595.3,1653.6,2048.3,1006.2,1311.1,1871.6,1397.8,730.0,863.2,980.4,838.5,573.2,1109.5,406.8,684.6,739.7,553.0,1061.8,549.3,739.6,384.1,861.0,716.5,818.3,638.8,1038.4,376.5,294.7,1833.2,824.4,142.4,97.8,42.5
1991-06-01,7579.1,5203.6,3898.5,2018.8,1826.0,2195.4,2428.4,1597.6,1651.9,2043.4,1003.4,1310.2,1871.9,1401.0,729.3,865.1,977.9,835.5,574.3,1107.7,407.5,683.1,740.8,553.3,1062.1,550.8,739.8,384.9,862.4,716.6,816.8,639.8,1038.5,377.4,295.6,1829.7,820.6,142.6,97.4,42.3
1991-07-01,7524.4,5196.4,3890.9,2017.2,1816.4,2192.3,2408.7,1597.8,1652.5,2033.0,1005.4,1315.6,1874.6,1400.2,729.6,864.1,978.3,835.2,575.0,1098.6,408.2,686.4,739.1,551.9,1060.2,551.6,740.0,382.8,862.2,715.5,822.4,639.0,1038.1,378.1,296.0,1829.1,820.0,142.6,97.4,42.3
1991-08-01,7514.8,5182.9,3887.9,2016.7,1813.9,2193.7,2403.5,1592.5,1657.8,2030.0,1002.7,1315.6,1870.2,1401.6,729.0,863.7,975.7,836.1,575.5,1102.1,409.7,687.2,741.1,555.0,1060.9,553.8,741.2,381.5,862.6,715.8,822.6,638.7,1038.0,378.5,296.4,1826.3,820.3,143.9,98.0,42.0
1991-09-01,7513.8,5173.5,3892.2,2018.2,1820.8,2191.7,2409.4,1595.4,1653.0,2025.6,1003.7,1315.4,1872.2,1401.5,728.9,867.9,975.1,835.1,576.1,1101.0,410.9,687.7,742.9,558.0,1061.8,560.6,744.0,382.1,865.4,717.1,824.5,640.9,1038.3,380.1,297.4,1825.8,818.6,143.0,97.9,41.8
1991-10-01,7496.9,5184.3,3890.3,2019.2,1813.0,2186.3,2405.6,1594.0,1641.2,2024.0,1007.7,1315.9,1873.2,1404.0,729.8,870.8,972.9,839.0,579.1,1099.1,411.2,686.0,747.3,558.3,1061.4,557.2,741.0,381.8,862.5,716.2,826.4,638.7,1037.4,381.8,296.6,1825.9,819.7,143.3,97.6,42.8
1991-11-01,7494.3,5158.4,3887.3,2016.2,1811.1,2188.8,2403.9,1595.1,1650.7,2022.0,1009.2,1317.4,1876.7,1400.1,727.2,872.0,969.7,837.2,580.3,1101.1,414.6,684.7,742.7,557.9,1063.7,559.1,742.3,379.5,862.5,717.5,826.7,638.0,1040.3,381.2,297.1,1822.2,815.4,143.1,98.0,42.8
1991-12-01,7468.8,5141.9,3882.5,2016.0,1807.5,2182.3,2398.7,1598.9,1640.0,2019.9,1011.1,1314.6,1876.2,1404.7,725.1,873.9,966.9,839.9,581.3,1098.2,416.3,684.9,744.3,557.3,1063.4,559.7,742.2,382.6,862.7,719.2,824.1,636.3,1035.8,381.0,298.1,1819.0,813.0,143.2,97.0,43.2
1992-01-01,7465.3,5054.6,3892.5,2015.9,1810.0,2188.0,2402.8,1601.8,1652.4,2019.2,1012.4,1324.3,1874.5,1412.7,743.1,875.6,966.6,843.1,585.3,1098.5,419.7,688.1,746.6,559.5,1067.1,558.8,744.1,381.9,865.7,721.4,828.7,631.7,1034.9,383.4,300.4,1811.0,811.4,141.7,99.4,42.7
1992-02-01,7448.5,5041.2,3894.7,2018.2,1812.6,2183.2,2400.1,1604.7,1649.1,2018.5,1011.5,1326.4,1868.7,1413.1,737.5,878.1,965.0,839.4,583.8,1095.8,421.0,688.9,747.0,559.9,1066.1,560.4,744.4,382.8,864.9,722.5,828.2,629.1,1033.3,384.4,301.1,1803.3,805.0,141.3,99.7,42.6
1992-03-01,7425.2,5040.5,3886.2,2016.9,1812.4,2183.6,2396.0,1609.8,1659.2,2017.1,1012.9,1326.8,1872.6,1416.3,738.6,880.5,965.6,841.2,587.4,1094.2,422.6,690.9,747.7,560.9,1064.3,562.1,746.1,383.0,864.0,723.9,828.4,630.7,1033.7,385.8,302.2,1805.4,808.1,141.8,99.7,42.9
1992-04-01,7433.4,5032.5,3886.8,2024.0,1814.9,2186.5,2395.0,1611.7,1657.3,2008.9,1014.2,1328.9,1882.5,1420.2,742.8,882.1,967.2,840.7,589.3,1095.5,424.4,692.1,751.7,564.3,1068.6,567.2,750.5,384.7,864.1,724.7,830.5,633.1,1033.9,387.7,302.8,1803.0,809.2,141.5,99.7,43.2
1992-05-01,7416.0,5022.0,3895.5,2029.8,1817.1,2187.5,2394.0,1618.4,1658.9,2011.4,1018.6,1332.2,1882.6,1426.5,740.9,885.3,964.9,843.8,590.0,1093.8,426.7,693.7,754.2,566.3,1071.8,568.9,752.5,389.4,863.4,727.5,832.3,634.9,1034.6,389.8,304.0,1799.8,808.3,142.1,99.9,42.9
1992-06-01,7402.1,5005.2,3897.7,2028.1,1813.9,2182.3,2393.7,1617.3,1660.5,2009.3,1018.8,1330.0,1882.3,1425.9,742.9,885.5,964.0,844.6,590.7,1091.9,429.6,694.3,754.2,566.9,1071.0,570.4,752.2,387.2,863.4,724.2,829.6,634.4,1033.6,389.1,305.2,1796.4,808.5,142.1,100.4,42.9
1992-07-01,7414.5,4998.9,3910.0,2027.3,1812.2,2184.6,2396.2,1628.3,1661.6,2008.8,1019.9,1328.4,1886.7,1431.1,742.2,890.2,962.4,844.2,596.9,1091.8,431.4,697.4,757.8,564.0,1070.4,575.7,754.2,392.0,864.8,729.2,833.9,634.6,1033.1,391.2,305.5,1796.0,810.6,142.2,100.2,43.7
1992-08-01,7396.6,4988.9,3912.8,2027.8,1812.3,2183.1,2394.3,1636.9,1658.6,2008.4,1026.5,1327.9,1889.7,1433.9,740.2,894.0,958.7,845.2,596.5,1090.3,432.0,699.8,758.2,568.4,1070.2,574.7,753.0,394.1,863.3,730.6,835.3,634.3,1033.5,392.7,306.4,1793.9,810.3,141.9,99.6,43.7
1992-09-01,7386.9,4974.7,3914.8,2032.3,1813.9,2184.2,2389.7,1639.8,1668.2,2011.3,1032.7,1328.4,1889.9,1438.4,741.8,895.0,960.0,847.4,598.0,1090.1,436.2,700.2,760.3,571.2,1072.1,576.3,754.0,396.5,863.0,732.0,838.1,635.1,1033.9,392.6,308.1,1792.6,810.0,141.9,100.0,43.4
1992-10-01,7391.4,4976.7,3921.8,2041.0,1822.7,2194.8,2400.0,1650.2,1676.8,2016.5,1025.8,1332.2,1893.3,1438.3,742.9,897.1,959.8,846.9,600.6,1092.7,439.2,705.6,766.4,573.5,1073.3,578.9,756.5,394.7,869.1,734.0,838.2,634.4,1035.8,394.3,310.3,1789.6,810.7,141.9,99.8,43.8
1992-11-01,7377.4,4960.3,3928.0,2043.8,1826.8,2190.1,2402.7,1655.7,1685.3,2019.4,1025.5,1332.3,1891.9,1441.7,744.0,898.9,961.2,851.6,601.7,1090.5,441.6,707.9,765.0,575.4,1071.0,579.8,757.3,400.7,864.5,735.2,838.7,634.2,1035.6,396.0,310.7,1789.8,810.4,142.6,99.4,43.6
1992-12-01,7374.5,4950.5,3931.2,2043.2,1825.3,2192.1,2402.4,1660.4,1693.3,2018.0,1027.8,1333.5,1890.5,1444.8,740.4,899.1,955.7,852.0,603.8,1092.3,444.2,709.7,764.3,577.5,1067.5,581.0,757.7,399.0,866.2,735.7,840.0,635.1,1036.5,398.0,312.1,1783.6,808.3,141.8,99.5,43.7
1993-01-01,7424.5,4946.7,3939.5,2059.0,1829.6,2209.4,2409.0,1671.0,1700.7,2030.3,1031.8,1335.7,1897.5,1450.2,743.1,903.0,963.4,856.7,605.2,1098.3,446.9,711.0,766.4,576.4,1077.1,585.6,759.2,402.7,866.6,736.6,841.6,635.3,1038.5,399.5,313.9,1800.4,813.7,143.4,99.8,44.2
1993-02-01,7433.8,4934.1,3943.9,2067.7,1833.3,2212.1,2414.5,1679.8,1709.7,2031.9,1037.9,1338.3,1901.0,1452.3,744.7,907.3,960.5,859.8,607.5,1099.0,450.0,713.6,770.8,580.5,1079.6,589.0,761.0,403.6,867.6,737.6,845.4,635.4,1037.8,401.4,316.1,1798.7,812.6,144.1,99.1,44.1
1993-03-01,7405.4,4908.3,3939.8,2071.0,1836.4,2203.7,2404.8,1682.4,1711.7,2028.9,1044.6,1340.8,1901.4,1453.8,745.7,911.5,958.7,860.8,607.3,1093.0,452.8,714.9,772.6,580.6,1073.4,590.2,761.2,405.7,865.1,736.4,845.8,635.1,1033.3,403.4,316.5,1793.6,812.6,143.3,99.3,43.9
1993-04-01,7429.6,4892.1,3969.5,2074.4,1841.1,2214.0,2406.6,1697.8,1730.2,2039.5,1055.1,1345.5,1906.5,1458.6,746.1,917.0,955.9,865.2,622.5,1093.5,455.8,718.5,776.9,585.1,1075.0,593.3,761.1,407.0,868.2,738.4,848.2,633.3,1037.6,405.5,318.0,1792.6,810.7,143.7,98.8,43.5
1993-05-01,7434.1,4884.8,3980.4,2079.2,1842.0,2217.6,2410.9,1703.4,1727.6,2046.6,1061.2,1343.2,1907.0,1459.8,746.7,917.7,957.2,868.7,623.9,1095.8,458.1,721.3,778.4,586.3,1075.7,592.8,763.5,409.3,869.5,739.7,850.0,632.0,1038.9,407.5,320.2,1794.5,811.6,143.7,98.9,43.3
1993-06-01,7436.7,4890.1,3982.0,2087.9,1846.5,2217.3,2409.6,1707.5,1732.4,2049.9,1072.1,1345.8,1905.4,1461.5,746.5,921.7,960.5,873.8,625.6,1094.4,458.8,725.3,781.2,590.7,1073.8,593.6,766.0,415.8,867.8,742.3,851.0,632.1,1039.8,409.9,320.7,1794.5,812.7,144.1,98.2,43.9
1993-07-01,7466.3,4884.9,3985.1,2097.0,1852.3,2221.5,2415.9,1716.1,1741.3,2054.4,1081.9,1360.5,1918.1,1465.6,745.0,924.7,958.2,877.7,624.8,1103.0,462.7,726.9,783.9,594.3,1076.8,597.1,767.4,413.0,873.9,743.3,850.3,633.4,1042.1,411.8,323.2,1791.3,814.1,144.2,99.3,42.5
1993-08-01,7459.1,4890.0,3992.1,2102.1,1858.3,2220.4,2418.7,1725.4,1745.3,2057.0,1082.0,1360.9,1906.8,1469.1,745.9,927.1,960.3,883.1,625.5,1100.4,465.4,729.3,785.5,594.9,1079.2,597.8,770.2,417.3,873.4,745.1,852.8,636.1,1042.4,414.1,324.4,1789.6,813.9,143.9,98.8,42.8
1993-09-01,7461.0,4882.8,3988.2,2110.8,1861.7,2224.0,2413.8,1732.6,1745.8,2061.5,1086.4,1363.5,1907.8,1470.6,744.4,928.7,956.9,885.7,628.0,1100.4,467.9,730.6,788.2,594.3,1078.5,597.6,773.8,417.6,875.3,744.3,850.8,636.1,1045.6,414.6,325.2,1788.7,815.0,143.8,98.8,43.1
1993-10-01,7461.5,4868.0,4013.7,2116.5,1862.8,2232.0,2417.7,1745.5,1756.0,2063.4,1093.2,1344.4,1930.6,1481.4,745.3,934.5,962.2,890.2,629.2,1101.3,469.4,737.5,792.1,598.8,1083.9,598.3,776.5,427.7,885.8,754.1,853.9,639.4,1046.8,420.1,325.4,1788.8,815.5,143.8,99.4,42.6
1993-11-01,7469.5,4848.3,4015.3,2120.5,1864.6,2236.2,2419.6,1750.9,1757.4,2066.0,1097.2,1345.7,1932.5,1482.9,744.2,934.1,960.3,889.9,629.2,1103.3,470.9,742.6,793.4,599.5,1081.7,600.0,777.0,432.8,882.2,754.8,854.2,638.2,1047.0,422.0,327.8,1787.5,816.8,144.1,98.9,42.9
1993-12-01,7479.4,4866.6,4021.7,2125.8,1873.6,2240.6,2424.4,1760.2,1762.1,2072.1,1103.3,1350.6,1941.7,1489.2,745.1,937.5,963.5,897.5,633.1,1107.1,472.9,746.1,796.9,602.9,1082.3,602.2,778.6,440.8,882.1,757.3,856.1,641.9,1050.8,423.6,329.4,1791.5,818.4,144.4,99.7,42.7
1994-01-01,7474.6,4867.5,4014.3,2135.5,1873.1,2240.7,2425.6,1770.5,1767.3,2076.5,1104.0,1353.0,1963.7,1494.0,747.1,942.8,961.8,906.1,640.8,1104.2,476.3,747.0,799.4,605.3,1080.3,606.6,783.5,448.4,884.4,758.6,857.9,645.1,1057.0,425.1,330.7,1787.0,814.6,144.8,99.0,42.8
1994-02-01,7468.5,4870.2,4019.1,2133.9,1869.4,2238.7,2424.4,1775.9,1773.7,2079.9,1109.5,1356.5,1964.8,1500.1,748.0,943.6,962.6,909.1,641.3,1101.6,477.5,748.0,803.0,607.2,1083.2,609.0,786.4,452.0,888.4,760.9,859.1,645.9,1060.0,426.1,331.0,1785.5,813.0,145.0,99.2,43.3
1994-03-01,7490.4,4878.5,4027.8,2142.6,1874.9,2244.5,2433.8,1783.2,1779.4,2084.1,1115.6,1349.6,1974.1,1504.9,748.8,945.9,964.2,912.0,643.2,1108.4,480.7,751.2,804.4,612.0,1084.4,611.5,789.0,454.5,892.5,764.5,863.4,648.7,1062.1,427.3,333.4,1789.8,812.8,145.6,99.0,43.3
1994-04-01,7530.2,4879.0,4044.7,2151.7,1887.0,2255.9,2439.2,1789.3,1789.1,2090.7,1121.8,1361.1,1972.2,1506.2,749.3,951.3,961.6,918.9,654.1,1112.1,484.9,752.9,807.0,614.3,1083.6,617.3,786.5,458.0,894.0,767.5,865.0,649.3,1064.2,429.9,335.2,1789.3,813.1,146.4,99.2,43.6
1994-05-01,7532.8,4878.2,4052.9,2160.1,1886.9,2256.5,2442.5,1795.6,1793.4,2093.3,1127.4,1360.9,1971.0,1511.6,753.3,953.3,961.2,922.7,653.6,1113.7,486.9,751.7,808.9,618.5,1085.2,615.4,792.3,462.6,896.0,771.1,867.4,650.9,1064.8,432.3,335.6,1788.8,814.4,146.5,98.9,43.8
1994-06-01,7538.1,4881.8,4066.3,2167.6,1890.6,2260.3,2449.6,1801.9,1798.6,2100.3,1138.6,1363.2,1977.9,1515.9,756.7,955.9,962.2,926.4,655.6,1115.4,489.9,756.1,813.0,621.1,1087.7,617.6,793.3,465.0,897.2,774.1,871.5,652.9,1065.8,434.9,337.0,1786.9,814.2,146.5,99.1,43.9
1994-07-01,7547.7,4891.0,4083.8,2184.5,1897.4,2258.8,2451.0,1809.5,1804.5,2108.4,1149.5,1362.4,1984.6,1519.8,762.8,961.0,964.7,930.3,658.5,1119.6,493.5,763.4,818.7,624.2,1090.6,623.6,792.1,471.0,897.7,776.5,873.9,655.2,1068.5,436.7,338.3,1786.1,813.5,147.1,98.4,44.1
1994-08-01,7562.3,4892.8,4094.5,2190.0,1901.0,2261.1,2453.3,1815.4,1808.0,2111.6,1156.2,1368.8,1992.7,1520.6,765.6,965.2,965.9,930.6,660.8,1119.7,495.6,764.8,822.8,627.0,1092.1,621.3,794.9,477.2,901.1,780.3,873.8,655.6,1070.2,438.7,340.0,1788.1,815.9,147.3,97.2,44.2
1994-09-01,7566.4,4899.9,4104.0,2195.8,1902.2,2267.7,2459.6,1829.9,1811.1,2116.2,1158.5,1376.0,2000.4,1526.4,768.5,968.3,968.5,936.1,663.5,1123.2,499.3,766.7,826.2,627.9,1094.5,625.2,801.6,477.9,905.4,778.8,873.2,655.8,1072.0,442.1,341.7,1788.3,818.8,147.9,97.9,44.2
1994-10-01,7571.6,4902.2,4087.4,2203.9,1913.5,2269.8,2459.4,1828.8,1810.5,2119.4,1164.0,1373.0,2000.0,1522.8,770.8,972.4,969.0,939.2,663.0,1125.7,502.8,765.7,828.5,626.6,1094.0,628.6,807.0,475.9,907.9,777.8,878.1,658.3,1075.7,443.7,344.1,1792.8,821.5,147.3,99.0,43.8
1994-11-01,7582.5,4912.4,4102.4,2215.4,1922.3,2272.8,2462.5,1841.4,1826.4,2127.1,1171.2,1381.4,2010.1,1534.0,773.5,977.2,970.9,945.9,670.5,1128.4,506.2,769.4,834.2,634.4,1097.1,632.0,810.4,481.1,907.7,781.4,881.3,660.2,1079.5,446.4,346.6,1797.1,822.5,147.2,98.5,43.9
1994-12-01,7585.2,4927.6,4105.4,2222.5,1926.9,2274.9,2467.3,1848.5,1823.4,2132.6,1177.7,1381.9,2014.3,1533.9,777.9,983.5,974.2,947.7,671.1,1129.3,509.3,772.7,836.4,635.7,1098.0,636.2,814.0,484.1,911.5,785.7,883.0,663.2,1082.4,448.5,347.6,1802.1,826.4,147.3,98.9,44.1
1995-01-01,7598.3,4934.6,4135.6,2230.3,1934.6,2273.8,2464.9,1856.0,1830.9,2139.3,1187.3,1387.1,2016.1,1545.0,777.8,985.5,971.3,947.5,674.1,1132.6,511.4,779.0,836.4,639.6,1098.7,636.4,816.1,484.0,911.5,789.2,885.7,665.2,1084.2,450.7,347.8,1806.5,825.8,146.6,98.4,44.2
1995-02-01,7601.8,4958.5,4156.4,2239.9,1938.6,2276.3,2466.2,1860.4,1836.6,2142.4,1193.8,1389.1,2020.4,1550.6,780.2,989.7,977.0,951.3,675.2,1133.8,514.5,778.3,839.9,641.2,1098.2,638.7,818.1,486.7,912.9,792.2,889.7,668.0,1086.1,453.9,348.6,1813.5,829.6,148.3,99.5,44.0
1995-03-01,7604.2,4946.0,4160.7,2246.1,1944.0,2278.4,2467.1,1865.5,1841.8,2147.9,1200.2,1394.7,2029.0,1553.7,784.5,993.3,979.0,953.8,679.2,1134.3,516.6,779.6,845.0,644.0,1102.8,640.6,821.1,493.1,915.4,796.6,891.4,668.5,1088.8,456.3,349.9,1814.1,833.5,148.2,98.6,44.1
1995-04-01,7595.5,4945.3,4149.1,2250.0,1944.3,2282.2,2466.3,1872.7,1843.1,2158.3,1207.6,1389.9,2023.5,1555.3,785.2,992.4,982.6,956.4,678.9,1133.2,518.3,782.4,843.4,641.1,1101.1,641.8,820.1,497.6,919.3,795.6,887.9,670.7,1089.8,457.8,350.6,1813.7,838.5,148.0,97.4,45.3
1995-05-01,7594.0,4951.9,4145.9,2254.6,1947.4,2280.5,2466.1,1877.5,1845.3,2154.1,1213.5,1393.1,2024.9,1555.2,786.6,994.4,984.0,958.1,681.3,1131.7,522.0,786.2,849.3,642.2,1099.4,644.9,820.2,499.2,919.1,797.1,887.7,670.7,1091.2,458.1,351.5,1815.7,841.6,148.2,98.0,44.9
1995-06-01,7598.9,4964.7,4158.6,2259.7,1958.1,2285.0,2473.8,1888.1,1850.5,2158.6,1218.2,1397.4,2034.3,1562.0,788.0,998.4,987.1,960.5,687.8,1132.0,524.4,787.9,853.0,646.2,1101.6,646.6,822.7,502.6,922.4,799.1,888.7,671.9,1095.0,459.9,353.5,1820.5,847.4,149.1,98.6,44.8
1995-07-01,7569.2,4947.3,4162.4,2264.2,1960.3,2277.7,2465.6,1892.4,1847.8,2162.3,1221.8,1388.8,2031.4,1563.9,788.1,1000.6,989.9,957.3,687.5,1129.4,524.2,786.9,853.0,645.8,1096.2,649.5,820.0,504.5,920.8,801.7,890.7,669.3,1095.3,461.9,354.0,1826.4,850.6,149.1,98.0,44.8
1995-08-01,7591.3,4963.0,4167.3,2271.7,1965.0,2279.9,2474.9,1903.6,1855.6,2169.6,1229.4,1399.9,2034.4,1567.9,788.4,1004.7,994.4,963.4,690.1,1130.6,527.3,787.2,861.0,645.2,1099.0,650.4,825.9,506.4,923.0,804.7,894.4,674.9,1092.9,464.2,355.6,1833.7,858.5,149.8,98.8,45.3
1995-09-01,7604.2,4981.9,4202.3,2279.7,1968.0,2286.7,2482.8,1914.9,1863.9,2172.2,1241.0,1405.0,2038.8,1568.3,795.3,1009.4,995.5,965.0,693.0,1133.0,531.2,789.5,867.1,651.6,1099.8,651.8,831.7,510.4,924.6,807.7,895.9,678.2,1098.6,466.4,357.6,1839.1,862.2,150.7,99.3,45.3
1995-10-01,7616.2,4971.0,4196.4,2285.6,1972.7,2289.7,2488.8,1920.0,1865.2,2178.6,1253.7,1377.6,2045.5,1575.6,795.5,1010.6,996.9,965.4,695.8,1128.6,533.4,791.4,868.7,650.8,1100.9,652.2,828.8,512.5,923.7,808.9,898.1,680.2,1099.4,467.7,360.7,1832.0,864.7,152.0,98.6,46.2
1995-11-01,7625.8,4978.9,4198.7,2291.8,1973.8,2290.7,2491.2,1927.1,1872.1,2181.6,1252.0,1381.3,2049.7,1578.5,799.1,1011.1,1001.3,969.2,700.9,1133.6,535.4,793.5,870.6,652.3,1101.1,655.2,830.4,516.5,922.0,809.3,902.1,683.3,1102.1,469.0,361.9,1837.6,869.5,153.3,99.0,46.3
1995-12-01,7620.1,4991.7,4206.7,2303.7,1979.1,2292.2,2491.9,1934.9,1874.9,2183.6,1262.4,1401.9,2059.9,1582.4,801.6,1018.6,1002.8,975.3,705.5,1134.8,538.3,795.3,875.0,656.1,1099.0,657.0,832.3,519.5,926.1,809.2,906.0,684.0,1103.5,471.7,363.6,1842.9,873.8,152.9,98.7,46.2
1996-01-01,7590.5,4995.7,4213.1,2313.2,1982.9,2288.7,2475.5,1936.7,1878.5,2180.9,1284.7,1413.9,2072.9,1583.6,805.6,1016.0,1005.2,973.4,706.8,1118.7,540.0,797.6,883.1,654.2,1100.9,656.5,831.1,524.0,929.5,807.3,907.1,689.7,1100.9,476.1,364.3,1854.5,882.3,153.8,98.3,46.8
1996-02-01,7647.5,5003.1,4215.0,2319.7,1985.8,2304.1,2497.1,1947.7,1886.8,2191.2,1286.3,1417.9,2074.2,1587.6,807.1,1018.3,1005.9,978.2,713.0,1135.0,541.9,801.8,880.8,655.1,1103.4,656.7,833.7,529.9,936.5,810.4,908.0,689.5,1105.7,476.4,368.3,1857.0,885.7,154.4,98.4,47.5
1996-03-01,7645.1,5008.6,4219.7,2327.2,1987.9,2309.6,2502.1,1955.8,1898.0,2195.1,1291.3,1423.8,2069.3,1591.3,807.7,1022.9,1004.4,987.3,718.5,1137.8,544.6,804.1,885.0,658.6,1104.7,657.6,835.1,533.7,935.3,812.3,909.4,688.7,1106.6,477.9,370.3,1860.7,887.4,154.4,98.3,47.5
1996-04-01,7648.6,5016.9,4220.5,2336.8,1995.8,2312.7,2516.8,1966.2,1895.3,2201.0,1291.3,1423.9,2067.7,1591.8,807.0,1024.6,1009.1,973.4,719.9,1139.1,547.4,805.6,886.5,656.7,1107.9,659.8,837.0,541.6,935.3,813.2,908.6,689.2,1104.7,480.3,371.2,1860.1,891.7,155.1,96.8,47.7
1996-05-01,7675.4,5030.8,4226.1,2344.9,1998.8,2318.6,2526.7,1976.9,1899.2,2206.6,1298.8,1430.3,2069.6,1596.3,807.4,1028.4,1013.4,975.3,724.8,1141.8,548.4,807.1,888.6,657.5,1106.9,662.1,838.1,542.4,937.7,814.0,910.9,690.6,1110.0,482.3,373.0,1864.9,895.9,155.8,99.1,47.7
1996-06-01,7685.6,5034.5,4232.0,2352.9,1999.6,2324.4,2524.6,1990.8,1902.1,2212.4,1305.3,1434.0,2071.7,1598.6,805.6,1031.3,1014.9,978.5,730.8,1143.0,548.5,809.9,892.7,658.5,1106.9,663.6,839.4,545.8,939.3,814.1,909.0,692.7,1112.6,483.4,373.8,1871.7,896.5,156.0,98.8,48.4
1996-07-01,7679.7,5037.5,4233.1,2363.2,2008.9,2334.5,2527.0,2040.8,1907.5,2216.1,1313.5,1441.2,2079.7,1598.6,804.4,1027.7,1017.5,981.4,733.2,1144.4,549.9,810.4,892.7,661.4,1109.1,663.7,842.6,551.1,940.3,814.7,916.9,690.5,1110.5,485.5,376.5,1877.5,901.3,156.6,99.2,48.5
1996-08-01,7701.7,5046.3,4241.5,2369.9,2010.6,2341.1,2531.5,1992.6,1914.6,2221.0,1319.5,1447.0,2085.0,1601.9,811.3,1037.6,1019.7,983.5,738.6,1148.7,552.7,812.1,898.8,657.6,1109.8,666.7,843.4,554.6,943.0,814.7,916.9,695.0,1112.7,489.2,377.6,1880.4,902.9,157.7,98.7,48.4
1996-09-01,7710.3,5061.4,4236.0,2377.2,2011.3,2345.1,2531.2,1989.0,1921.3,2226.2,1327.4,1452.0,2092.0,1605.5,816.4,1040.8,1020.7,988.6,744.4,1150.2,552.4,815.8,902.0,664.2,1108.8,667.1,842.8,558.7,941.1,815.2,918.8,696.9,1113.3,487.8,375.9,1886.0,903.2,158.4,98.7,49.2
1996-10-01,7726.1,5071.6,4257.8,2391.2,2030.9,2349.1,2538.2,1992.9,1927.0,2231.0,1333.0,1461.4,2096.8,1607.3,821.0,1042.8,1023.1,994.2,747.5,1152.9,555.5,820.9,903.9,666.2,1114.3,672.4,840.9,559.3,945.5,815.1,919.3,696.9,1114.9,491.8,380.7,1889.9,909.3,159.0,98.6,48.9
1996-11-01,7743.5,5084.9,4266.4,2400.3,2036.3,2355.6,2540.5,2000.1,1931.8,2237.6,1342.5,1470.5,2100.9,1615.5,823.6,1048.9,1027.9,996.2,751.0,1153.6,556.8,825.0,908.9,668.9,1115.3,676.6,842.0,568.3,951.2,817.2,920.4,701.0,1114.1,493.8,382.1,1899.4,913.9,160.0,99.1,49.2
1996-12-01,7750.3,5082.8,4267.0,2409.0,2031.5,2357.7,2544.1,2006.0,1939.1,2238.5,1345.7,1473.8,2101.6,1614.5,826.2,1049.4,1029.3,1000.8,755.7,1149.5,558.7,828.4,911.9,668.1,1118.0,676.8,842.7,570.7,952.3,817.6,923.5,696.8,1116.2,494.6,384.0,1902.2,917.5,160.7,99.4,49.6
1997-01-01,7753.6,5091.0,4270.3,2418.6,2043.0,2365.4,2552.1,2010.4,1947.7,2256.2,1351.3,1479.9,2110.5,1609.6,832.0,1057.2,1038.5,1003.6,760.9,1158.6,560.4,826.7,917.8,669.2,1120.2,678.4,846.3,575.7,956.1,821.7,925.2,700.8,1118.9,494.9,385.9,1909.4,919.7,160.8,100.0,49.7
1997-02-01,7763.7,5109.8,4271.0,2430.3,2054.1,2369.9,2560.2,2019.3,1952.3,2257.2,1357.9,1486.6,2107.7,1615.6,838.4,1061.9,1043.4,1005.9,763.5,1160.8,564.7,829.5,919.6,672.5,1121.6,681.9,847.2,578.8,956.9,816.0,928.2,703.6,1120.9,496.1,387.5,1918.2,926.7,161.9,100.7,49.6
1997-03-01,7785.5,5126.6,4283.1,2444.1,2062.4,2376.5,2564.8,2028.9,1954.2,2266.8,1363.4,1494.5,2113.3,1618.4,843.0,1064.7,1048.1,1009.4,766.0,1163.7,567.1,832.7,922.4,672.5,1122.9,686.2,851.0,579.8,958.6,819.4,931.1,705.4,1123.9,498.7,388.6,1924.4,933.2,162.7,101.2,50.1
1997-04-01,7795.9,5144.1,4298.4,2457.3,2068.6,2378.4,2567.4,2032.1,1976.6,2266.2,1371.1,1506.6,2098.8,1621.3,847.3,1069.1,1053.5,1017.9,773.8,1166.2,569.5,834.2,926.7,677.8,1119.5,687.2,855.2,579.6,961.4,821.1,935.5,708.6,1126.7,500.2,390.2,1936.0,938.9,163.2,100.0,50.1
1997-05-01,7802.4,5148.9,4309.8,2469.4,2078.5,2381.2,2574.4,2037.8,1979.7,2271.3,1375.5,1514.1,2098.6,1626.9,848.8,1072.2,1058.2,1017.5,778.8,1169.1,570.2,836.4,932.5,679.7,1119.9,689.3,858.8,582.0,963.8,820.6,939.2,709.8,1128.6,502.4,392.6,1940.3,941.6,164.2,100.7,50.6
1997-06-01,7823.3,5164.8,4316.0,2481.8,2084.8,2384.3,2579.0,2041.3,1981.1,2274.7,1377.7,1523.1,2098.7,1629.2,851.6,1076.3,1063.1,1026.2,782.3,1170.4,571.1,838.1,933.1,682.2,1120.6,690.9,861.2,586.3,964.5,818.8,940.7,710.4,1130.9,503.4,393.4,1943.1,947.4,163.6,101.7,50.4
1997-07-01,7849.9,5180.1,4316.2,2488.9,2089.6,2396.4,2588.7,2049.5,1994.7,2276.1,1383.2,1526.0,2116.3,1640.3,852.0,1078.5,1069.5,1034.8,787.9,1172.7,579.1,838.5,935.6,682.4,1123.9,691.8,863.2,588.4,968.9,824.8,942.9,713.9,1135.2,504.8,396.6,1944.6,950.0,165.4,102.2,49.8
1997-08-01,7865.9,5185.8,4315.8,2496.4,2100.1,2399.0,2594.1,2048.6,2000.5,2275.4,1381.8,1529.4,2106.1,1642.0,850.6,1083.1,1072.3,1038.0,791.0,1173.5,579.5,841.4,935.3,683.1,1125.7,694.0,864.8,589.5,970.2,825.4,944.2,715.7,1137.0,504.5,398.2,1944.3,953.0,166.2,103.2,49.1
1997-09-01,7892.4,5193.5,4324.4,2514.4,2111.5,2408.6,2603.6,2065.5,2007.4,2286.3,1393.9,1533.6,2115.0,1646.4,859.5,1086.6,1076.8,1045.1,799.1,1175.4,583.3,845.0,938.4,684.7,1128.2,695.8,866.3,592.7,971.5,826.2,946.9,721.6,1139.0,506.9,399.5,1957.8,956.5,166.7,103.5,50.3
1997-10-01,7910.5,5210.6,4326.9,2517.7,2119.8,2405.6,2605.9,2073.7,2008.2,2292.7,1404.4,1542.2,2110.5,1647.8,857.4,1090.9,1075.9,1048.0,802.7,1178.5,584.1,845.2,942.4,687.9,1131.2,699.0,867.0,594.8,971.6,827.6,948.1,720.5,1140.4,507.9,398.9,1959.2,962.4,167.0,103.6,50.7
1997-11-01,7921.6,5214.6,4342.7,2529.3,2131.4,2410.6,2617.6,2085.6,2015.5,2300.9,1411.7,1547.9,2109.6,1652.7,858.9,1094.2,1079.1,1051.0,805.8,1180.3,588.3,848.7,943.4,691.0,1133.2,699.7,870.1,596.1,972.9,829.3,951.8,722.5,1141.8,509.2,401.9,1962.9,965.3,167.1,103.8,50.9
1997-12-01,7946.3,5231.2,4355.9,2535.6,2138.4,2420.0,2623.5,2097.2,2018.7,2309.1,1420.6,1555.7,2110.9,1655.3,862.7,1098.3,1084.3,1054.7,810.7,1183.9,588.4,851.1,946.4,692.7,1135.5,701.5,873.7,600.3,974.8,833.2,950.7,724.5,1142.9,511.4,402.1,1974.3,970.6,168.1,105.4,51.1
1998-01-01,7957.8,5259.5,4371.3,2546.0,2148.2,2424.6,2625.2,2107.3,2022.4,2311.5,1425.6,1557.6,2150.1,1658.6,868.6,1101.8,1090.0,1058.8,812.3,1188.6,595.1,856.8,944.8,700.1,1134.8,706.0,872.7,598.6,974.9,834.2,952.6,726.2,1142.3,512.8,402.5,1975.1,974.5,168.6,103.7,51.9
1998-02-01,7977.8,5268.0,4373.5,2556.3,2158.5,2432.8,2632.6,2113.1,2024.3,2317.1,1428.4,1565.9,2147.3,1659.4,870.2,1105.0,1094.6,1063.1,816.2,1190.9,597.8,860.0,948.1,702.7,1136.4,706.4,873.6,600.5,976.9,836.4,957.3,728.4,1143.3,514.1,404.3,1974.3,975.8,169.4,103.4,52.0
1998-03-01,7987.7,5279.1,4367.2,2560.7,2167.8,2438.3,2631.9,2116.9,2027.7,2321.0,1437.2,1567.9,2147.2,1664.4,873.4,1108.5,1095.4,1059.7,819.1,1192.0,600.6,860.7,948.1,703.0,1136.5,707.9,873.8,600.6,979.4,837.9,955.1,732.5,1144.4,514.4,404.5,1978.0,976.3,169.9,104.2,52.3
1998-04-01,7993.2,5283.9,4378.3,2572.9,2175.5,2446.6,2630.4,2114.4,2022.8,2325.6,1441.0,1577.9,2150.0,1669.4,876.6,1111.2,1101.7,1059.6,822.4,1187.8,603.6,869.3,950.0,699.5,1138.6,707.5,875.8,603.4,983.1,838.9,954.6,733.5,1146.9,514.8,406.7,1987.3,976.5,170.9,104.9,52.1
1998-05-01,8013.0,5310.6,4395.6,2585.1,2184.3,2457.2,2639.9,2127.5,2028.4,2331.4,1450.4,1586.0,2149.4,1676.9,880.7,1114.8,1107.7,1063.7,824.1,1189.1,607.0,873.7,950.2,703.8,1141.5,706.9,878.6,608.3,987.7,842.0,959.9,737.7,1148.9,516.6,408.4,1993.5,979.0,171.8,105.1,52.6
1998-06-01,8020.4,5328.3,4389.0,2592.0,2193.3,2461.9,2634.2,2136.0,2035.0,2335.0,1455.4,1590.1,2147.6,1676.6,885.3,1118.0,1113.2,1076.0,831.5,1194.6,610.1,878.4,949.6,700.6,1142.4,707.0,881.3,614.5,988.2,843.7,961.7,739.9,1150.9,519.1,409.8,2001.0,979.3,172.1,105.3,53.0
1998-07-01,8052.7,5326.0,4401.2,2603.2,2202.3,2469.0,2643.6,2138.9,2039.1,2343.3,1454.5,1594.3,2115.8,1676.0,893.4,1123.2,1117.2,1068.9,836.5,1196.4,611.4,883.9,950.7,705.0,1141.1,713.1,880.2,618.9,988.6,843.4,961.9,741.9,1147.0,521.6,411.5,2006.7,978.7,173.0,105.7,53.6
1998-08-01,8058.2,5341.6,4407.3,2615.7,2212.3,2474.2,2651.5,2148.0,2041.3,2348.0,1466.8,1596.7,2129.4,1679.5,898.1,1125.9,1122.7,1071.9,833.3,1198.8,614.0,887.7,951.3,706.4,1143.1,715.3,885.3,623.0,990.0,845.4,962.6,745.6,1150.3,523.2,413.8,2012.8,977.9,172.5,105.9,54.4
1998-09-01,8064.5,5346.8,4419.0,2626.0,2217.3,2482.3,2654.5,2154.6,2044.8,2350.9,1477.5,1600.7,2131.1,1669.8,904.7,1127.6,1127.2,1073.6,841.7,1200.2,616.6,888.6,950.0,706.1,1143.5,717.1,887.4,625.3,990.5,845.6,962.4,748.8,1151.6,522.8,414.9,2019.7,977.8,174.9,107.3,54.2
1998-10-01,8098.8,5351.7,4424.0,2633.7,2219.0,2488.9,2657.5,2166.8,2054.8,2345.7,1477.3,1604.6,2137.5,1686.0,910.4,1134.4,1133.0,1079.3,848.6,1203.4,620.2,887.6,949.8,709.8,1145.9,720.7,888.3,630.0,995.7,853.9,962.2,754.9,1157.6,525.2,415.6,2023.0,977.7,174.1,107.6,54.1
1998-11-01,8110.9,5371.4,4428.9,2646.3,2224.8,2497.0,2663.9,2178.1,2060.8,2352.3,1484.2,1608.3,2138.1,1691.0,916.6,1137.2,1135.9,1083.2,850.9,1205.4,623.0,888.9,949.6,709.6,1148.6,723.2,891.1,635.7,996.2,856.8,963.2,758.2,1155.3,527.8,417.1,2029.4,979.0,175.1,108.0,54.5
1998-12-01,8123.3,5375.3,4429.6,2657.7,2231.4,2504.9,2669.0,2181.3,2068.5,2355.3,1486.9,1611.5,2139.6,1695.3,920.0,1140.6,1139.7,1085.4,854.0,1209.3,625.2,889.6,950.3,712.1,1149.6,724.9,892.8,639.3,998.1,858.5,964.3,761.4,1156.2,526.7,418.8,2031.7,980.0,174.1,108.6,54.8
1999-01-01,8172.1,5358.2,4429.3,2653.3,2219.9,2511.4,2674.9,2195.7,2061.2,2359.7,1494.5,1613.2,2127.6,1698.2,918.8,1145.2,1139.5,1082.7,850.8,1209.8,628.7,895.5,952.2,711.2,1142.6,727.5,892.7,643.1,993.0,848.0,963.3,765.0,1157.1,528.1,418.2,2035.5,981.3,175.4,109.9,54.6
1999-02-01,8192.7,5377.2,4444.4,2665.9,2224.2,2519.3,2682.2,2208.1,2073.4,2365.5,1500.3,1613.2,2120.1,1701.9,923.7,1152.2,1143.5,1090.4,857.6,1214.0,631.6,902.7,952.6,712.7,1152.4,727.9,897.5,646.7,998.8,853.8,964.2,771.8,1159.4,529.6,420.2,2039.4,983.2,176.9,109.7,55.3
1999-03-01,8195.6,5378.4,4445.4,2672.8,2230.1,2520.9,2687.2,2208.7,2073.1,2370.4,1504.1,1619.3,2122.4,1704.0,926.6,1152.3,1148.6,1092.6,861.7,1215.8,634.4,902.4,955.8,715.5,1151.8,728.8,897.0,650.9,998.1,857.3,963.9,771.2,1159.0,530.6,422.5,2043.8,982.5,176.9,109.4,55.4
1999-04-01,8220.8,5397.1,4434.9,2676.2,2217.1,2537.9,2695.3,2227.9,2072.8,2383.7,1512.6,1621.5,2148.7,1711.8,929.5,1158.2,1152.0,1094.8,871.7,1222.0,636.6,901.4,956.2,717.7,1156.3,732.6,899.9,653.3,1001.3,862.6,965.2,773.3,1162.0,533.2,425.2,2045.8,982.6,176.7,109.5,55.6
1999-05-01,8206.7,5403.4,4435.5,2680.1,2216.3,2537.0,2698.5,2241.8,2081.1,2385.2,1516.8,1620.5,2145.1,1714.8,932.4,1160.3,1154.5,1098.9,873.9,1224.1,639.8,903.2,953.1,717.5,1158.1,733.0,901.0,657.2,999.2,865.0,963.4,774.7,1161.3,533.8,425.5,2053.3,984.4,177.9,109.8,56.1
1999-06-01,8224.9,5406.3,4441.7,2689.1,2223.6,2542.1,2704.9,2250.1,2090.9,2392.5,1525.1,1623.7,2143.7,1715.8,937.8,1163.1,1158.0,1112.9,886.4,1225.4,645.0,904.5,956.1,718.7,1161.4,735.0,903.1,660.2,1000.4,866.7,965.2,779.2,1162.4,535.7,427.2,2054.4,984.4,177.8,110.6,56.6
1999-07-01,8263.9,5432.9,4446.7,2697.1,2226.3,2566.8,2706.7,2237.7,2089.3,2396.9,1531.3,1631.4,2142.1,1720.4,955.6,1166.0,1161.8,1100.9,883.1,1232.2,649.0,911.5,966.1,722.2,1164.8,736.7,915.5,663.9,1010.2,871.2,968.0,782.0,1167.7,537.6,427.2,2063.4,990.1,177.8,111.1,55.9
1999-08-01,8277.2,5427.6,4448.5,2706.4,2231.3,2574.2,2711.8,2247.2,2092.1,2401.2,1534.2,1633.3,2137.1,1725.7,960.1,1165.9,1161.7,1101.2,877.7,1231.9,651.9,915.5,966.1,723.5,1166.3,738.4,914.5,667.8,1009.9,873.2,968.9,784.8,1166.6,539.1,428.2,2066.5,994.6,178.3,111.7,55.9
1999-09-01,8254.2,5429.0,4449.0,2714.5,2235.0,2583.5,2704.3,2255.6,2094.7,2406.4,1536.8,1634.3,2134.6,1720.9,962.0,1168.7,1167.7,1106.7,884.5,1232.4,653.7,918.2,964.2,726.8,1164.7,741.1,915.8,671.0,1013.3,872.6,969.4,787.5,1165.6,540.1,428.5,2069.4,998.2,178.9,112.0,55.8
1999-10-01,8283.2,5460.6,4477.4,2727.4,2242.3,2598.7,2717.7,2267.1,2107.2,2413.9,1540.8,1638.2,2179.4,1737.2,967.6,1175.5,1174.1,1113.9,888.2,1242.6,656.5,922.3,968.7,728.1,1163.7,741.1,920.7,677.1,1012.1,876.8,972.0,787.9,1168.3,538.6,429.7,2075.0,1001.6,180.0,112.6,57.4
1999-11-01,8305.0,5469.4,4481.8,2735.0,2245.8,2607.0,2718.9,2271.9,2112.2,2418.9,1544.4,1642.1,2182.6,1738.1,971.3,1180.0,1177.5,1118.4,891.8,1241.1,659.7,924.9,970.8,730.3,1166.1,741.8,922.7,682.4,1014.7,879.5,974.4,789.6,1170.2,541.3,430.3,2078.0,1004.3,180.1,113.3,57.5
1999-12-01,8321.0,5484.9,4487.4,2747.7,2253.9,2615.3,2727.3,2279.0,2123.4,2425.9,1549.3,1647.9,2193.0,1743.1,977.5,1185.2,1179.3,1123.8,895.9,1241.5,663.3,929.5,971.6,733.1,1168.7,744.2,927.0,684.3,1018.6,882.4,974.7,794.3,1172.1,542.5,432.2,2087.1,1007.2,181.4,114.3,57.4
2000-01-01,8349.7,5482.1,4481.0,2754.2,2255.2,2624.8,2729.3,2281.7,2125.1,2432.7,1550.0,1651.2,2202.8,1746.5,978.5,1188.6,1185.6,1134.3,896.6,1242.2,666.1,931.8,968.8,732.3,1171.4,747.2,925.6,683.9,1015.9,884.8,973.0,793.7,1172.3,542.9,433.8,2091.5,1018.5,181.5,114.5,57.3
2000-02-01,8361.3,5488.5,4486.6,2761.4,2259.7,2630.7,2728.2,2285.2,2125.6,2437.9,1557.1,1643.2,2193.0,1751.7,980.2,1194.1,1188.4,1137.8,899.1,1238.8,669.7,929.2,972.8,731.6,1174.2,749.0,926.9,684.3,1018.2,887.4,972.9,795.4,1172.2,544.3,434.3,2099.9,1022.0,181.6,115.0,56.7
2000-03-01,8383.2,5495.7,4501.1,2771.2,2267.9,2645.0,2738.2,2293.1,2129.5,2446.8,1562.5,1665.8,2193.4,1758.2,982.0,1199.3,1192.6,1148.0,901.1,1246.2,673.8,934.3,973.2,738.4,1178.3,748.0,928.8,686.3,1020.0,891.2,974.5,796.1,1172.8,546.2,436.4,2108.1,1026.9,182.3,114.6,57.2
2000-04-01,8425.0,5510.1,4507.4,2781.1,2273.4,2660.9,2744.4,2291.5,2149.2,2453.7,1566.4,1657.7,2212.4,1763.5,985.7,1203.3,1191.0,1148.9,901.8,1250.8,674.9,938.4,975.5,734.3,1181.2,751.5,929.8,690.7,1017.5,887.4,975.0,799.5,1173.0,548.0,437.0,2115.3,1033.2,183.7,115.8,57.6
2000-05-01,8434.4,5523.5,4509.4,2793.2,2279.1,2667.2,2745.6,2296.7,2156.4,2457.0,1576.8,1664.0,2211.1,1762.1,993.4,1207.9,1196.8,1151.7,905.2,1254.6,680.7,941.0,979.6,735.6,1182.0,754.9,931.2,695.4,1019.2,888.8,974.8,802.6,1174.4,549.6,437.2,2122.8,1041.3,183.9,115.3,57.3
2000-06-01,8448.0,5526.6,4512.6,2806.2,2285.7,2679.6,2748.0,2310.2,2160.8,2464.1,1574.3,1669.5,2214.6,1768.8,994.7,1211.6,1198.6,1150.9,907.0,1257.2,684.2,945.6,983.0,737.5,1180.4,754.7,932.0,695.4,1019.1,890.4,976.2,807.2,1173.4,549.2,438.7,2133.6,1049.7,184.8,117.4,57.2
2000-07-01,8437.7,5541.0,4505.2,2813.3,2289.5,2680.3,2747.8,2307.3,2168.9,2477.0,1577.4,1661.2,2206.6,1768.7,995.5,1215.4,1198.5,1147.2,906.6,1255.9,687.6,942.5,986.9,735.4,1184.8,755.5,936.0,700.0,1017.5,890.1,969.3,802.6,1172.1,548.7,438.9,2138.8,1063.0,185.3,116.6,57.4
2000-08-01,8423.4,5549.9,4518.8,2815.2,2290.5,2687.1,2739.7,2308.1,2176.8,2473.0,1583.9,1668.9,2204.5,1771.5,999.3,1218.5,1198.9,1156.0,909.2,1258.5,691.5,938.5,989.0,736.4,1179.6,755.4,937.8,710.0,1015.7,890.4,975.2,809.5,1171.5,550.4,439.5,2146.6,1066.0,185.6,117.2,57.5
2000-09-01,8474.9,5559.3,4517.1,2823.2,2297.7,2695.7,2751.7,2311.4,2181.9,2482.4,1591.0,1672.1,2197.6,1772.8,1006.0,1221.3,1205.6,1156.3,910.8,1261.3,691.6,941.1,989.3,736.0,1186.2,756.9,936.9,707.8,1016.3,891.5,976.4,809.9,1172.3,551.8,441.5,2148.8,1070.1,186.3,116.9,57.7
2000-10-01,8488.2,5556.0,4523.3,2826.2,2302.3,2703.0,2751.8,2316.6,2178.4,2493.6,1593.6,1673.4,2206.0,1774.8,1004.3,1221.5,1209.2,1149.2,908.8,1264.3,694.1,943.0,989.0,736.0,1185.0,756.1,938.9,707.5,1017.1,891.8,977.9,810.3,1170.3,555.2,441.4,2150.3,1067.2,186.3,116.2,57.7
2000-11-01,8503.5,5567.3,4526.1,2828.2,2304.6,2712.2,2756.5,2316.1,2188.3,2499.7,1597.2,1674.1,2205.4,1775.2,1008.6,1224.8,1213.0,1152.3,910.5,1265.9,695.7,943.1,992.6,734.9,1186.3,757.6,939.8,711.2,1017.2,888.0,974.5,814.0,1169.6,556.4,442.6,2157.5,1073.0,187.2,117.6,57.9
2000-12-01,8520.5,5576.7,4522.2,2835.4,2311.2,2719.8,2765.1,2318.5,2190.0,2503.8,1605.1,1679.5,2199.3,1775.9,1012.9,1227.2,1219.0,1152.6,911.5,1271.0,697.0,943.4,993.7,734.1,1185.0,759.7,941.0,713.1,1017.5,888.5,972.4,819.1,1168.4,558.8,442.3,2162.8,1076.6,187.6,118.4,58.1
2001-01-01,8505.1,5610.4,4521.8,2837.2,2314.8,2711.3,2759.4,2321.4,2194.3,2504.8,1598.9,1672.3,2166.8,1777.9,1024.7,1226.1,1218.4,1135.0,908.7,1266.1,696.0,942.5,994.2,734.5,1193.7,758.4,945.3,724.9,1018.4,894.4,978.8,818.2,1169.3,563.1,444.4,2160.4,1074.3,188.0,117.0,61.1
2001-02-01,8504.3,5605.5,4523.1,2839.6,2320.4,2714.5,2760.2,2322.4,2200.6,2503.8,1606.3,1669.1,2172.5,1779.4,1023.9,1224.7,1220.2,1136.5,910.0,1266.7,695.6,941.7,992.2,733.4,1195.8,761.5,944.5,729.5,1018.2,892.9,978.6,820.2,1166.5,562.2,445.1,2158.6,1071.8,188.9,117.1,61.2
2001-03-01,8498.9,5610.6,4519.1,2840.2,2323.5,2714.0,2758.8,2321.4,2201.1,2496.1,1610.7,1668.6,2168.2,1779.5,1029.3,1222.7,1223.0,1137.4,912.1,1266.7,694.6,938.7,989.3,732.3,1194.1,763.1,944.2,730.1,1017.0,896.7,978.6,822.9,1164.9,562.8,445.3,2161.3,1066.9,189.2,117.8,61.2
2001-04-01,8480.8,5590.5,4512.1,2835.9,2327.8,2709.3,2755.9,2323.8,2203.1,2489.3,1603.7,1661.7,2157.7,1772.7,1029.7,1219.3,1224.3,1135.7,909.7,1263.7,690.6,939.4,984.6,734.0,1190.9,761.4,942.6,729.9,1012.6,898.2,973.6,823.9,1160.5,560.8,444.0,2141.3,1055.1,188.8,117.5,61.2
2001-05-01,8478.9,5572.6,4508.1,2829.3,2327.9,2712.5,2755.4,2318.7,2201.1,2483.0,1600.2,1659.2,2149.1,1770.4,1031.9,1216.2,1226.1,1135.3,910.4,1262.6,688.7,936.8,981.9,732.2,1188.1,763.7,940.2,729.2,1011.7,897.7,973.8,823.3,1157.5,560.4,443.1,2129.8,1044.6,188.5,118.2,61.2
2001-06-01,8480.2,5582.4,4508.6,2827.4,2326.8,2719.6,2757.3,2320.8,2205.4,2475.8,1599.0,1656.6,2147.1,1769.5,1036.5,1217.1,1225.6,1137.2,908.0,1264.1,686.9,935.0,980.3,732.2,1190.3,767.2,937.9,732.4,1011.9,898.3,972.2,824.8,1155.4,558.9,442.5,2122.1,1035.1,187.7,118.4,61.3
2001-07-01,8463.7,5556.8,4482.4,2817.2,2327.2,2716.6,2752.4,2321.1,2203.7,2466.7,1599.6,1647.6,2132.4,1767.6,1043.4,1210.9,1224.4,1136.6,909.3,1264.1,683.4,932.7,970.5,731.5,1186.8,764.3,936.9,732.2,1010.6,896.8,963.4,827.9,1151.3,555.9,439.5,2111.5,1020.1,188.6,118.2,61.1
2001-08-01,8451.6,5553.4,4470.9,2813.8,2329.8,2718.0,2750.8,2317.3,2203.9,2458.7,1597.3,1643.9,2122.7,1765.2,1044.6,1207.6,1223.3,1139.4,910.5,1263.6,682.9,931.9,968.8,728.2,1185.9,766.5,934.9,733.7,1010.0,898.0,966.5,829.7,1147.7,555.4,437.8,2101.9,1008.7,188.5,119.7,60.7
2001-09-01,8405.8,5544.2,4457.7,2803.1,2327.5,2710.1,2746.3,2314.2,2204.1,2446.4,1596.7,1638.5,2116.4,1761.4,1047.3,1201.5,1226.4,1135.7,908.0,1261.3,680.7,929.7,969.3,727.3,1183.0,761.3,933.1,735.5,1009.0,896.3,966.1,829.3,1139.0,555.4,436.8,2089.2,995.1,187.5,120.5,61.0
2001-10-01,8339.0,5535.1,4435.5,2778.8,2322.7,2710.9,2741.9,2302.6,2197.5,2436.8,1591.6,1626.9,2110.5,1756.5,1047.1,1193.7,1228.1,1134.8,897.2,1259.4,677.4,929.2,961.7,723.9,1180.1,758.1,933.3,717.7,1009.7,893.2,964.7,831.2,1136.5,553.4,437.3,2074.6,981.6,187.5,118.0,61.1
2001-11-01,8340.3,5513.8,4421.2,2764.4,2322.4,2708.8,2741.3,2294.1,2193.8,2426.8,1584.2,1617.5,2103.1,1752.7,1048.6,1187.6,1228.7,1133.5,891.1,1259.9,674.2,927.4,957.8,722.8,1180.0,757.2,932.2,716.9,1007.4,891.2,961.0,833.1,1133.7,551.1,435.4,2058.8,971.8,186.7,118.0,60.8
2001-12-01,8325.6,5512.4,4416.8,2754.7,2313.3,2713.9,2740.9,2287.2,2189.0,2420.3,1581.5,1611.2,2104.0,1747.8,1048.2,1180.8,1228.0,1131.8,888.1,1260.2,672.5,925.0,955.1,720.9,1177.4,757.1,932.3,717.0,1004.4,890.9,958.2,835.7,1129.4,550.4,434.8,2055.4,963.9,186.9,117.8,60.7
2002-01-01,8318.3,5509.6,4411.0,2759.4,2318.8,2717.3,2746.8,2278.7,2193.5,2423.4,1585.1,1609.2,2091.2,1744.0,1051.5,1174.8,1229.1,1128.0,888.2,1260.1,672.1,925.4,957.4,720.5,1178.2,757.9,934.9,718.5,1008.3,889.5,964.1,834.9,1125.2,555.4,429.7,2049.1,951.6,186.7,119.2,60.3
2002-02-01,8330.2,5502.7,4402.6,2754.4,2318.8,2720.0,2747.4,2274.0,2190.3,2414.7,1583.7,1603.6,2089.4,1742.1,1057.5,1174.2,1233.0,1128.8,890.9,1261.3,671.6,927.6,956.9,720.8,1178.4,759.1,934.4,720.2,1008.6,889.4,961.9,835.7,1123.6,559.0,429.9,2044.2,947.3,186.5,120.0,60.7
2002-03-01,8325.0,5513.4,4390.6,2754.0,2318.6,2719.1,2745.7,2275.2,2194.3,2412.6,1587.8,1599.1,2088.9,1739.5,1056.9,1171.8,1234.4,1126.6,892.5,1261.7,670.5,928.1,956.1,721.1,1177.5,760.1,934.5,723.9,1007.2,888.8,962.7,839.7,1121.1,549.6,429.1,2044.8,944.5,187.1,120.5,61.0
2002-04-01,8320.1,5516.5,4398.3,2749.0,2318.9,2717.5,2737.9,2282.0,2194.6,2409.1,1598.0,1596.9,2089.1,1735.2,1068.1,1177.6,1237.7,1127.6,891.2,1258.2,671.3,927.1,955.7,720.9,1174.8,762.1,931.5,728.4,1006.2,889.0,963.8,838.0,1116.9,547.8,430.5,2040.9,939.7,185.6,120.9,61.2
2002-05-01,8321.2,5518.8,4389.8,2748.8,2322.3,2719.8,2738.9,2280.5,2198.4,2406.0,1595.6,1597.2,2087.5,1736.2,1073.3,1178.2,1239.9,1127.7,893.9,1258.9,671.7,926.2,955.4,721.9,1176.8,764.0,931.8,730.2,1007.4,890.0,963.5,840.8,1115.4,546.0,431.2,2040.0,932.9,185.9,121.3,61.0
2002-06-01,8306.8,5521.6,4388.6,2742.8,2319.8,2720.4,2741.9,2282.9,2199.0,2400.6,1600.6,1596.1,2086.6,1735.5,1077.1,1175.7,1242.6,1125.3,895.5,1258.2,666.7,929.1,955.9,722.5,1175.7,762.3,932.1,730.5,1006.0,891.2,960.9,840.2,1113.1,545.0,430.7,2036.0,926.3,185.4,121.2,61.1
2002-07-01,8293.0,5507.8,4392.3,2738.8,2318.3,2717.4,2735.4,2265.7,2198.6,2396.8,1598.1,1602.3,2096.2,1741.5,1072.8,1171.9,1233.7,1126.6,898.7,1257.0,668.2,930.9,947.6,727.8,1174.5,761.4,930.5,732.8,1008.9,890.8,946.8,841.5,1112.4,544.5,432.1,2031.4,921.8,185.0,121.9,60.8
2002-08-01,8296.8,5512.3,4390.0,2736.6,2319.3,2723.1,2734.9,2267.7,2197.2,2392.4,1599.7,1602.7,2092.3,1737.0,1081.5,1172.9,1235.0,1127.6,901.6,1256.3,668.4,930.8,948.6,727.2,1175.2,764.0,929.5,734.5,1009.2,890.4,948.8,842.4,1112.7,543.1,432.4,2030.7,915.1,184.7,122.0,60.9
2002-09-01,8297.6,5521.0,4380.5,2735.9,2318.2,2727.1,2736.5,2267.1,2203.9,2389.5,1598.8,1599.8,2087.2,1741.1,1084.0,1169.1,1234.7,1127.6,903.1,1255.9,668.4,929.8,951.4,727.7,1174.9,765.2,932.0,735.5,1010.6,891.4,950.0,844.8,1112.6,543.0,434.5,2028.9,909.8,185.2,122.9,60.5
2002-10-01,8301.3,5524.0,4384.2,2725.4,2317.2,2727.9,2739.0,2262.4,2208.9,2384.1,1599.8,1598.8,2086.8,1738.9,1083.5,1168.3,1239.9,1128.0,906.3,1254.5,667.5,927.4,951.7,729.0,1173.5,764.8,929.7,738.0,1010.8,891.8,948.6,847.5,1112.7,543.4,434.7,2030.2,906.1,184.4,123.0,60.4
2002-11-01,8309.3,5528.2,4383.2,2723.2,2315.5,2730.9,2737.5,2262.8,2210.7,2381.9,1613.9,1600.6,2084.5,1740.7,1089.5,1168.5,1243.3,1132.1,909.6,1254.3,668.4,926.6,949.6,728.6,1171.2,765.1,928.3,740.1,1012.5,893.3,952.2,847.4,1111.0,543.4,434.9,2028.4,900.7,184.0,123.8,59.9
2002-12-01,8300.3,5521.9,4376.0,2718.5,2312.0,2729.4,2736.4,2261.6,2210.4,2375.7,1607.2,1593.6,2082.1,1735.4,1093.2,1166.7,1245.2,1131.2,913.5,1253.2,667.3,926.2,946.9,729.4,1165.2,763.9,927.2,742.7,1011.1,893.3,951.8,847.6,1107.6,541.5,434.9,2022.6,892.9,183.3,123.4,59.9
2003-01-01,8302.3,5508.2,4376.2,2714.5,2312.8,2756.3,2732.3,2249.1,2208.1,2369.5,1608.5,1599.5,2094.4,1742.0,1093.6,1171.2,1243.8,1127.2,911.7,1258.8,666.0,926.0,948.6,730.9,1171.7,760.7,931.3,748.2,1019.1,896.3,953.6,850.5,1112.1,541.3,432.3,2013.0,890.2,183.2,124.5,60.2
2003-02-01,8287.8,5508.7,4367.8,2712.8,2312.1,2746.8,2726.0,2252.5,2210.1,2356.0,1610.7,1598.3,2082.7,1742.5,1095.2,1167.0,1243.5,1125.5,910.4,1251.4,664.0,924.8,945.0,729.6,1166.9,759.9,928.6,749.9,1015.9,894.2,952.8,851.7,1109.4,539.9,433.1,2012.3,886.5,182.7,124.8,60.4
2003-03-01,8272.3,5506.6,4359.2,2704.2,2309.1,2748.3,2726.5,2251.1,2209.0,2355.0,1611.1,1593.8,2080.7,1739.7,1098.6,1159.2,1243.4,1126.3,910.0,1250.6,660.6,925.5,943.0,729.0,1164.7,760.3,927.2,750.8,1016.3,891.5,950.4,852.0,1106.6,538.7,432.7,2005.4,881.4,182.2,124.9,60.5
2003-04-01,8271.2,5505.6,4355.1,2702.6,2307.9,2766.5,2727.7,2242.5,2206.1,2351.3,1613.8,1592.6,2068.9,1741.4,1099.9,1158.4,1245.5,1124.9,911.1,1258.4,663.3,926.0,940.8,731.4,1166.5,759.0,928.0,750.0,1019.0,894.0,949.5,855.9,1109.2,538.8,434.1,2000.5,887.0,182.7,124.9,60.5
2003-05-01,8265.2,5506.2,4352.5,2698.2,2305.1,2769.6,2728.9,2242.1,2201.9,2348.1,1616.8,1594.2,2068.9,1741.2,1103.1,1157.3,1245.6,1123.8,911.5,1259.1,663.3,928.1,939.9,731.9,1164.4,758.5,927.3,752.0,1017.5,894.4,950.1,857.4,1110.9,539.4,434.8,1993.9,882.2,182.1,124.9,60.2
2003-06-01,8255.9,5504.7,4350.1,2692.3,2303.4,2773.7,2727.6,2240.5,2199.9,2343.2,1617.6,1591.1,2069.0,1738.4,1108.1,1155.4,1247.1,1125.6,913.4,1253.3,663.3,926.4,938.3,731.8,1164.1,758.3,927.5,753.7,1015.6,894.3,951.8,859.3,1106.6,537.9,435.2,1991.1,879.1,182.0,125.6,60.3
2003-07-01,8268.2,5513.4,4360.3,2694.8,2295.9,2783.7,2731.6,2243.4,2197.8,2341.4,1619.0,1590.1,2055.0,1740.0,1111.8,1154.6,1248.8,1127.7,915.7,1251.5,664.5,915.4,939.4,729.9,1162.0,757.9,928.1,759.5,1013.4,895.8,951.8,859.4,1105.8,539.1,434.0,1984.3,875.1,181.6,125.1,60.5
2003-08-01,8265.4,5514.8,4352.0,2692.4,2299.2,2784.1,2727.6,2247.9,2190.4,2339.0,1623.6,1591.5,2059.0,1742.3,1114.5,1155.6,1251.6,1127.9,919.7,1264.1,663.7,917.0,943.1,731.1,1163.4,758.9,928.1,764.8,1016.8,896.4,953.1,860.4,1104.6,539.6,434.3,1982.3,872.4,180.9,125.2,60.7
2003-09-01,8280.6,5503.3,4343.8,2698.9,2302.4,2790.7,2728.0,2251.7,2199.7,2340.9,1625.4,1592.5,2055.7,1741.8,1119.9,1153.9,1252.0,1130.4,919.7,1261.7,663.6,921.1,943.6,731.0,1165.0,757.7,927.3,768.6,1015.2,895.9,954.0,861.7,1104.3,539.2,433.8,1981.2,873.5,182.0,124.7,60.7
2003-10-01,8293.8,5515.8,4331.3,2700.8,2300.1,2788.4,2726.6,2249.5,2208.2,2336.3,1633.1,1595.2,2055.4,1741.2,1129.2,1156.4,1254.5,1133.9,925.9,1262.7,664.2,923.4,944.5,732.0,1167.6,762.7,927.0,773.8,1016.2,898.7,954.9,860.1,1104.1,540.3,436.4,1976.6,872.1,182.7,125.9,60.7
2003-11-01,8295.8,5516.2,4326.6,2704.7,2298.5,2791.6,2730.3,2255.4,2203.3,2339.9,1639.6,1594.1,2051.6,1741.2,1130.4,1154.8,1253.3,1132.5,926.6,1262.9,664.9,925.3,945.0,734.5,1167.6,763.9,927.6,776.3,1015.6,901.6,956.0,865.1,1103.3,540.7,437.0,1977.0,871.8,183.6,125.0,61.1
2003-12-01,8289.3,5519.0,4330.3,2701.1,2300.2,2793.6,2729.2,2258.0,2206.6,2330.4,1643.7,1596.6,2050.1,1741.8,1135.0,1155.0,1255.8,1132.6,928.9,1264.3,666.3,926.1,946.2,736.4,1167.0,763.3,928.1,780.9,1015.8,899.2,954.7,864.8,1102.5,541.1,437.9,1976.5,870.1,184.3,125.2,61.1
2004-01-01,8277.6,5532.2,4329.1,2710.8,2308.8,2804.8,2727.4,2256.2,2223.5,2333.0,1648.8,1595.4,2052.2,1742.7,1144.4,1157.8,1258.7,1146.3,937.4,1265.6,668.4,924.1,941.4,739.7,1164.1,763.9,924.6,788.6,1017.9,898.0,953.7,864.6,1101.9,541.0,440.2,1977.3,867.6,183.8,125.7,61.2
2004-02-01,8290.6,5538.6,4328.4,2714.5,2310.5,2811.9,2731.4,2262.0,2227.9,2334.4,1652.6,1599.6,2041.7,1743.3,1148.1,1157.4,1259.8,1149.2,939.8,1264.9,670.8,924.4,947.4,743.0,1163.6,764.3,926.1,788.5,1018.2,895.8,950.8,866.4,1101.7,541.4,441.2,1978.8,869.4,183.8,125.4,60.8
2004-03-01,8307.2,5543.3,4334.4,2719.8,2311.1,2823.4,2735.6,2266.5,2231.9,2339.5,1658.7,1603.5,2043.3,1743.4,1152.8,1160.2,1262.4,1151.7,941.4,1267.6,672.7,925.4,951.7,743.7,1165.3,765.6,929.4,792.0,1021.3,899.5,955.4,867.0,1103.2,542.6,443.1,1980.8,869.8,183.9,125.3,60.8
2004-04-01,8307.1,5550.0,4332.3,2724.0,2313.6,2827.2,2733.3,2269.2,2245.8,2337.9,1665.4,1607.6,2050.5,1753.0,1163.1,1168.4,1265.2,1161.4,950.6,1267.6,673.7,926.1,957.4,745.0,1164.3,766.2,930.1,798.5,1023.0,902.6,959.9,870.3,1103.1,544.6,441.1,1982.1,871.2,184.1,126.1,60.6
2004-05-01,8317.6,5563.8,4346.6,2728.7,2312.8,2834.1,2738.1,2270.9,2249.4,2339.5,1671.2,1606.5,2047.2,1756.1,1167.7,1166.8,1265.6,1164.8,953.1,1268.0,675.6,929.3,959.8,745.4,1166.1,766.8,932.2,803.6,1023.4,906.1,960.6,871.0,1103.7,544.9,444.2,1984.5,873.3,184.0,126.2,61.0
2004-06-01,8325.6,5556.7,4350.2,2723.8,2315.4,2837.5,2743.2,2269.1,2256.9,2341.1,1678.9,1609.8,2041.4,1761.0,1171.0,1167.6,1268.9,1168.8,957.9,1271.0,677.5,932.4,963.5,747.0,1167.6,768.4,935.0,809.1,1026.5,907.6,963.8,872.5,1103.6,546.3,445.0,1985.1,873.6,184.6,126.0,61.2
2004-07-01,8348.4,5575.7,4353.3,2737.8,2319.0,2844.3,2743.8,2281.8,2263.0,2339.4,1686.9,1610.0,2028.6,1755.2,1177.7,1169.0,1271.4,1169.7,963.6,1271.1,680.2,931.5,967.7,749.9,1167.0,770.5,936.0,816.5,1030.1,911.8,965.8,873.4,1104.9,547.6,449.0,1985.2,872.8,185.0,126.3,60.6
2004-08-01,8349.8,5570.0,4352.9,2744.8,2322.9,2851.4,2749.1,2289.2,2258.3,2340.7,1694.3,1609.8,2046.4,1755.6,1182.0,1168.7,1273.4,1173.7,964.3,1273.7,682.3,936.0,969.1,752.1,1163.5,772.6,937.1,820.2,1030.2,911.7,965.2,873.5,1104.2,548.4,449.4,1983.9,872.7,185.7,126.1,61.5
2004-09-01,8351.4,5559.4,4355.8,2746.3,2321.4,2858.0,2753.1,2282.9,2256.1,2340.2,1699.7,1614.0,2052.9,1758.2,1187.7,1170.6,1273.1,1172.2,964.0,1273.1,681.7,938.2,970.3,751.3,1164.0,770.8,936.3,824.7,1029.2,911.4,964.2,876.8,1103.6,548.8,450.8,1980.5,872.7,185.3,126.5,62.0
2004-10-01,8357.4,5585.3,4369.9,2760.2,2332.4,2874.0,2761.0,2299.5,2289.9,2345.2,1716.4,1621.1,2053.8,1766.6,1198.5,1172.8,1279.0,1183.9,975.2,1277.3,686.5,941.0,973.4,758.0,1166.1,772.0,940.3,835.1,1030.1,913.7,969.2,879.2,1105.3,551.6,451.7,1989.3,876.1,184.0,126.8,61.4
2004-11-01,8356.6,5594.7,4371.9,2759.7,2335.1,2878.1,2759.9,2301.0,2297.5,2342.0,1723.3,1624.6,2054.1,1763.0,1203.7,1174.3,1279.3,1187.6,980.5,1278.8,688.3,943.2,974.1,758.6,1165.9,772.2,940.5,836.3,1030.5,914.3,968.7,879.9,1106.9,553.4,452.0,1988.9,877.2,184.6,127.7,61.5
2004-12-01,8363.6,5586.7,4375.5,2765.2,2342.7,2879.5,2761.8,2305.5,2300.8,2344.1,1731.7,1626.3,2050.4,1768.0,1208.5,1176.4,1281.8,1189.9,985.0,1280.2,690.4,944.9,976.7,761.0,1166.2,772.0,939.5,840.2,1029.8,916.3,969.3,881.5,1105.3,555.2,454.3,1994.7,876.3,184.7,127.3,61.6
2005-01-01,8353.4,5598.0,4371.5,2765.3,2355.3,2879.9,2758.9,2318.3,2302.5,2343.3,1734.7,1630.5,2046.6,1763.1,1209.0,1177.6,1283.1,1194.5,990.9,1281.4,693.1,946.3,977.8,759.1,1166.2,779.2,934.5,842.5,1024.5,915.1,966.1,886.1,1099.4,557.2,454.9,1995.2,877.6,184.8,126.9,61.6
2005-02-01,8359.7,5595.7,4374.0,2770.6,2353.7,2886.6,2762.4,2320.2,2309.2,2347.8,1742.9,1631.3,2051.1,1766.3,1217.5,1181.1,1284.7,1198.2,993.4,1284.8,694.8,946.4,981.4,760.1,1165.1,780.9,936.3,847.5,1028.3,918.2,969.8,887.1,1103.0,559.2,456.5,1994.9,876.2,184.9,127.1,61.9
2005-03-01,8348.0,5599.7,4372.1,2775.8,2361.8,2883.2,2756.7,2316.4,2306.8,2346.0,1749.7,1637.7,2042.4,1768.2,1222.9,1182.6,1286.2,1194.5,996.6,1280.1,696.5,946.8,983.7,761.6,1162.0,781.7,937.2,852.3,1029.9,917.9,973.4,888.8,1101.8,559.4,457.8,1995.5,875.9,185.1,127.9,62.0
2005-04-01,8405.0,5616.5,4386.6,2787.8,2371.4,2898.3,2769.9,2339.0,2331.2,2351.0,1775.7,1644.7,2052.1,1775.2,1232.4,1185.8,1292.0,1201.2,1003.2,1288.2,699.3,950.6,986.0,766.4,1166.1,785.0,939.5,862.1,1033.4,919.6,973.9,890.2,1103.4,564.2,459.9,1999.1,877.6,185.6,128.8,62.0
2005-05-01,8388.6,5621.4,4387.3,2793.7,2374.2,2899.2,2773.4,2345.7,2335.8,2352.6,1779.9,1647.8,2050.2,1780.2,1231.2,1186.4,1292.9,1205.7,1009.2,1289.2,701.5,951.5,987.5,767.1,1165.0,787.0,939.7,865.0,1034.0,919.1,974.3,891.9,1102.1,564.7,461.7,1997.8,878.0,185.6,128.5,62.3
2005-06-01,8404.2,5633.3,4378.7,2794.6,2374.3,2902.0,2769.1,2342.4,2331.2,2351.2,1788.8,1650.4,2043.0,1782.2,1232.9,1187.9,1292.2,1205.3,1011.6,1290.4,702.6,952.9,990.9,767.8,1164.2,788.8,939.0,870.5,1035.8,918.8,973.9,891.5,1102.5,565.4,462.3,1998.6,879.2,186.0,129.3,62.0
2005-07-01,8407.5,5648.4,4403.9,2818.9,2390.2,2912.4,2782.6,2353.7,2358.6,2359.4,1800.5,1656.1,2036.6,1784.1,1238.3,1192.4,1295.2,1211.5,1018.2,1293.7,706.7,957.2,993.9,772.3,1165.6,792.5,941.2,875.4,1037.3,921.9,975.1,898.0,1104.0,570.5,467.4,2003.9,882.7,186.2,129.8,61.3
2005-08-01,8420.7,5660.4,4401.1,2821.4,2396.7,2917.2,2777.9,2360.4,2372.6,2359.8,1806.0,1660.0,2041.4,1785.8,1245.2,1190.6,1295.8,1212.3,1022.4,1291.4,708.6,959.5,997.8,772.3,1166.1,794.1,942.5,878.7,1035.0,921.2,975.0,899.4,1104.5,571.9,469.6,2005.3,884.6,187.1,130.2,62.1
2005-09-01,8438.8,5668.4,4413.1,2831.3,2403.0,2923.3,2782.4,2364.7,2373.7,2361.9,1815.8,1654.1,2053.2,1791.7,1253.2,1197.9,1297.5,1215.0,1027.4,1302.8,710.7,963.1,998.8,773.8,1165.1,797.4,944.7,884.3,1039.8,923.7,974.8,901.8,1105.7,573.9,471.3,2008.4,885.7,187.0,131.1,61.8
2005-10-01,8401.8,5674.9,4414.8,2837.9,2410.5,2916.8,2780.8,2371.4,2367.9,2363.0,1820.0,1669.4,2042.5,1794.9,1256.2,1197.7,1296.1,1214.1,1028.5,1297.1,711.2,966.6,1001.3,776.0,1163.1,799.8,945.0,887.3,1036.0,922.6,977.2,904.4,1106.1,575.2,469.1,2010.5,887.0,187.6,131.2,61.8
2005-11-01,8424.4,5691.0,4421.7,2848.3,2423.3,2929.8,2784.4,2379.0,2360.2,2367.4,1830.4,1675.1,2047.0,1795.8,1260.8,1199.7,1299.5,1215.4,1032.1,1298.8,714.8,968.8,1005.8,777.9,1164.8,802.7,945.5,894.0,1037.9,924.5,979.7,907.7,1107.2,577.2,472.2,2014.3,888.8,187.0,131.4,62.3
2005-12-01,8437.4,5703.5,4423.8,2849.5,2432.5,2932.8,2783.8,2382.8,2368.8,2370.8,1838.8,1682.2,2040.1,1799.1,1268.0,1203.0,1301.4,1216.6,1035.8,1301.3,717.1,971.4,1011.4,779.2,1164.2,805.0,944.9,899.3,1038.8,924.5,981.2,910.4,1107.1,579.5,472.8,2017.3,892.2,187.0,131.8,62.3
2006-01-01,8444.7,5716.5,4431.3,2861.5,2440.2,2941.6,2789.8,2391.6,2373.2,2374.6,1849.4,1686.0,2028.1,1802.8,1272.0,1205.6,1305.9,1220.5,1040.1,1305.1,718.1,980.8,1011.4,783.9,1165.2,810.0,943.4,901.8,1037.0,927.7,983.1,913.9,1106.8,581.0,475.7,2023.6,894.6,187.7,131.8,61.6
2006-02-01,8451.4,5729.1,4444.3,2867.9,2447.0,2946.6,2793.9,2393.2,2379.9,2376.6,1862.4,1689.5,2021.1,1800.8,1277.9,1207.4,1308.4,1220.3,1042.0,1308.3,720.8,980.9,1014.3,782.6,1168.0,810.1,948.3,907.1,1039.3,929.5,986.4,916.6,1109.1,584.0,476.7,2027.8,898.5,188.2,131.7,62.6
2006-03-01,8467.3,5729.6,4447.3,2876.5,2460.1,2952.4,2794.7,2395.6,2386.1,2380.9,1870.4,1693.6,2021.0,1805.1,1280.9,1208.6,1310.0,1226.4,1046.8,1310.4,723.3,982.9,1017.5,784.5,1168.9,814.0,949.7,912.5,1037.2,931.7,986.5,913.3,1109.0,586.8,478.7,2029.8,898.3,187.9,131.4,62.5
2006-04-01,8471.0,5734.9,4452.0,2884.7,2461.3,2951.1,2800.7,2402.5,2389.6,2384.6,1879.8,1697.5,2017.5,1806.6,1282.2,1209.9,1310.1,1227.9,1051.3,1311.0,727.2,992.8,1020.0,784.1,1167.9,816.6,949.3,915.4,1035.8,932.7,986.9,909.2,1108.8,588.6,485.0,2030.5,900.7,188.1,130.0,62.2
2006-05-01,8480.1,5737.5,4446.3,2889.8,2471.1,2953.1,2801.2,2406.1,2395.0,2381.4,1886.4,1701.9,2009.3,1803.5,1285.0,1212.8,1312.2,1231.3,1055.0,1311.5,729.8,993.6,1023.5,782.7,1167.7,818.7,949.0,916.8,1035.5,932.0,988.5,914.0,1107.2,590.6,486.1,2038.0,902.9,189.4,131.1,63.1
2006-06-01,8498.1,5752.5,4458.6,2899.0,2479.0,2961.8,2798.2,2414.2,2398.2,2389.1,1892.6,1709.1,2006.9,1811.0,1290.4,1217.5,1315.1,1233.3,1058.6,1312.6,733.1,993.0,1027.2,786.9,1168.3,821.1,949.1,920.9,1037.9,932.3,988.8,917.1,1107.4,593.5,488.5,2041.8,904.1,190.6,131.1,63.4
2006-07-01,8486.1,5752.2,4457.2,2902.6,2488.7,2955.9,2801.3,2412.4,2407.0,2390.4,1894.8,1704.6,1987.6,1805.5,1293.4,1215.9,1313.8,1233.6,1056.2,1312.3,733.5,999.5,1026.2,789.2,1168.4,822.1,949.1,921.0,1036.7,930.4,987.3,917.9,1104.7,595.3,490.7,2041.4,907.0,188.5,131.1,63.4
2006-08-01,8493.6,5760.3,4460.9,2914.1,2500.2,2960.4,2799.5,2417.5,2414.6,2392.7,1897.6,1711.2,1993.1,1804.1,1291.6,1218.0,1315.5,1238.2,1062.8,1312.2,740.2,1002.6,1028.2,789.8,1167.7,824.6,950.2,923.3,1037.1,931.7,990.8,919.4,1104.4,597.0,493.0,2046.7,908.9,189.8,131.2,63.3
2006-09-01,8512.5,5762.6,4468.2,2921.9,2510.4,2962.7,2798.1,2423.7,2412.9,2396.1,1900.5,1719.3,1993.6,1804.1,1292.7,1219.6,1317.2,1238.6,1067.5,1314.8,748.2,1006.6,1031.1,789.3,1170.7,827.7,950.7,921.8,1038.4,932.5,993.5,919.2,1103.9,598.2,494.4,2046.8,910.4,189.8,130.1,63.8
2006-10-01,8515.7,5766.4,4462.0,2923.1,2516.2,2962.2,2798.9,2440.6,2415.8,2398.1,1902.0,1718.5,1978.4,1803.9,1287.8,1220.3,1317.2,1235.8,1066.5,1315.8,750.7,1010.1,1032.3,786.0,1171.5,828.8,951.3,921.4,1034.9,934.6,992.8,918.0,1102.9,599.0,496.4,2049.0,907.5,189.4,129.7,63.8
2006-11-01,8538.3,5765.6,4465.6,2933.3,2525.2,2965.1,2797.7,2443.9,2417.0,2401.0,1903.1,1723.5,1985.3,1808.1,1286.8,1222.8,1319.8,1235.3,1071.1,1318.5,753.9,1015.3,1035.3,786.5,1171.8,830.1,952.4,922.4,1036.3,936.1,995.8,917.2,1102.1,601.8,500.3,2050.0,909.1,190.1,129.3,63.8
2006-12-01,8558.2,5775.3,4470.5,2945.7,2534.4,2972.0,2801.6,2449.7,2419.8,2405.1,1906.4,1728.3,1982.9,1809.6,1286.0,1225.4,1318.7,1236.3,1075.4,1323.3,759.4,1018.9,1037.6,789.1,1174.4,831.6,955.9,922.8,1037.2,938.0,999.5,918.1,1102.8,604.2,502.4,2047.8,912.2,189.9,128.3,63.9
2007-01-01,8573.7,5781.9,4482.6,2943.6,2542.7,2974.2,2806.8,2457.5,2422.3,2413.4,1901.8,1733.2,1974.0,1814.8,1288.5,1226.8,1318.2,1236.6,1078.0,1321.3,755.5,1021.2,1039.2,790.6,1176.1,832.7,959.1,923.4,1042.1,938.8,1001.2,920.3,1104.4,608.3,504.7,2052.6,915.8,190.3,129.0,63.8
2007-02-01,8578.5,5786.3,4479.0,2958.9,2551.3,2974.2,2803.9,2462.1,2424.3,2412.8,1909.8,1745.4,1977.7,1816.8,1291.1,1228.9,1319.5,1235.7,1082.5,1320.1,762.2,1023.5,1042.7,790.3,1173.6,835.8,956.5,930.0,1041.0,933.7,1002.8,922.0,1102.7,610.0,507.2,2059.9,918.3,190.2,129.6,63.5
2007-03-01,8582.6,5790.9,4490.2,2973.7,2564.5,2978.1,2807.0,2464.7,2426.1,2415.6,1913.4,1749.4,1974.1,1816.4,1291.9,1233.9,1322.1,1237.2,1084.3,1323.7,765.3,1026.8,1046.1,792.8,1177.5,837.2,958.7,929.8,1045.5,941.9,1009.1,924.0,1104.9,612.4,509.8,2066.7,921.0,190.9,129.6,63.9
2007-04-01,8584.3,5773.2,4490.0,2973.8,2571.2,2976.6,2804.8,2457.0,2422.5,2417.1,1912.2,1751.0,1972.0,1812.8,1286.9,1236.1,1320.2,1235.7,1083.4,1322.9,766.5,1027.9,1041.7,789.8,1175.0,837.3,960.1,929.7,1045.0,942.4,1004.6,921.1,1103.6,613.2,509.6,2053.5,920.2,191.2,129.3,64.2
2007-05-01,8598.5,5771.4,4493.5,2978.3,2581.9,2976.7,2806.7,2458.7,2424.8,2421.6,1915.5,1756.1,1971.2,1813.6,1291.6,1239.4,1321.8,1232.9,1084.3,1324.6,769.1,1029.8,1044.7,788.2,1178.6,841.8,961.5,931.0,1048.1,944.2,1007.8,922.2,1103.5,615.3,512.4,2061.8,922.8,191.2,129.2,64.1
2007-06-01,8624.1,5782.4,4496.4,2986.2,2594.1,2978.9,2811.5,2460.1,2426.4,2424.5,1922.7,1762.2,1967.4,1817.3,1291.5,1243.1,1324.2,1235.5,1084.4,1325.5,772.3,1031.5,1044.6,795.4,1181.8,843.6,963.3,930.2,1047.4,945.5,1008.2,921.8,1107.9,616.8,515.2,2064.2,926.3,191.6,129.4,64.5
2007-07-01,8614.7,5797.5,4498.2,2987.6,2596.6,2977.1,2819.0,2468.8,2422.8,2427.4,1925.4,1762.4,1960.0,1814.3,1297.2,1243.3,1328.1,1229.9,1083.0,1326.2,773.5,1032.6,1045.3,796.8,1179.4,846.4,961.7,926.7,1045.3,943.8,1014.4,925.1,1102.7,617.3,514.0,2068.9,932.3,191.5,129.6,64.8
2007-08-01,8613.5,5786.3,4494.1,2994.4,2599.8,2980.1,2814.9,2470.9,2426.8,2429.8,1925.7,1766.8,1967.5,1813.3,1292.1,1245.1,1325.1,1226.7,1084.8,1327.3,775.6,1035.1,1046.7,801.1,1180.6,848.0,960.6,925.5,1046.1,944.2,1015.3,924.9,1102.3,617.8,515.7,2072.0,927.9,189.8,129.9,64.6
2007-09-01,8615.8,5788.0,4489.7,3001.4,2604.1,2978.4,2807.3,2471.4,2425.3,2429.0,1924.9,1763.8,1959.2,1810.5,1289.9,1247.2,1325.3,1223.1,1083.8,1326.6,777.9,1036.7,1047.3,800.9,1179.2,850.4,961.5,921.7,1047.2,946.4,1012.5,923.6,1097.6,617.2,515.8,2074.5,929.0,190.4,129.7,64.9
2007-10-01,8639.3,5776.8,4493.6,3010.8,2612.9,2986.3,2813.8,2465.3,2420.2,2430.7,1926.2,1770.1,1944.0,1812.0,1286.7,1248.4,1321.1,1221.8,1086.1,1323.3,781.7,1039.0,1048.7,797.3,1179.9,850.2,961.0,926.9,1050.2,947.9,1009.5,920.4,1098.5,617.8,518.5,2067.7,930.7,190.9,128.9,65.4
2007-11-01,8652.9,5777.1,4496.8,3016.4,2620.6,2990.2,2816.3,2466.1,2418.9,2433.2,1923.4,1777.5,1954.0,1812.7,1285.2,1251.3,1319.9,1220.9,1089.7,1327.5,783.2,1040.9,1050.8,802.3,1179.8,854.8,962.6,928.2,1051.3,948.2,1013.0,919.8,1099.8,618.9,520.1,2076.2,932.4,190.9,128.7,65.2
2007-12-01,8662.2,5786.0,4499.5,3024.2,2625.2,2994.8,2816.6,2468.2,2419.3,2432.4,1920.8,1780.3,1948.9,1811.6,1284.7,1253.2,1322.8,1218.9,1087.2,1328.9,785.6,1044.2,1052.0,802.8,1180.2,858.0,962.7,931.3,1052.1,949.3,1010.6,919.8,1098.9,619.8,521.2,2078.5,931.9,191.3,128.8,65.3
2008-01-01,8683.0,5758.8,4500.4,3028.9,2627.8,2991.0,2820.8,2468.9,2412.6,2442.4,1916.3,1782.5,1944.6,1812.4,1275.2,1256.1,1321.5,1214.7,1084.3,1330.0,789.2,1038.0,1052.6,801.0,1181.5,860.2,964.8,929.2,1053.8,947.3,1015.3,915.0,1100.2,620.9,521.6,2076.2,937.2,190.5,128.7,66.3
2008-02-01,8687.6,5762.2,4497.4,3038.0,2634.7,2995.4,2821.9,2471.5,2411.1,2445.7,1911.5,1787.5,1937.9,1816.1,1272.3,1259.7,1323.0,1213.7,1088.7,1330.7,791.3,1040.4,1053.4,801.9,1181.0,862.2,963.5,927.6,1053.6,948.6,1015.9,916.7,1099.6,621.4,522.1,2080.8,937.7,190.3,128.5,66.1
2008-03-01,8683.0,5753.4,4490.5,3034.9,2634.7,2993.0,2819.0,2465.0,2404.4,2447.1,1899.4,1785.2,1926.9,1815.4,1266.1,1260.0,1322.9,1208.7,1087.8,1328.8,788.2,1039.3,1053.9,800.0,1180.4,862.5,960.6,925.8,1048.0,948.8,1016.0,913.6,1091.8,621.3,521.7,2079.2,938.1,190.1,128.0,66.3
2008-04-01,8682.2,5759.1,4494.1,3034.6,2641.4,3002.5,2824.1,2458.9,2392.1,2449.0,1895.3,1786.4,1916.5,1809.0,1261.4,1259.0,1323.1,1199.2,1076.0,1327.8,788.7,1036.9,1052.8,798.1,1182.3,863.7,959.8,926.0,1051.7,948.0,1017.4,911.3,1093.8,621.5,520.3,2074.3,937.2,187.8,127.4,66.2
2008-05-01,8663.3,5746.1,4488.2,3036.7,2644.2,3002.2,2816.4,2454.3,2381.0,2448.3,1887.7,1784.5,1911.3,1807.8,1254.9,1256.8,1321.2,1194.3,1072.7,1325.4,789.9,1036.0,1051.0,798.7,1183.4,864.7,957.3,923.5,1050.4,950.5,1014.1,907.7,1094.5,620.2,520.2,2071.6,935.9,188.5,127.3,65.6
2008-06-01,8662.9,5733.4,4477.8,3032.7,2646.9,2994.8,2812.4,2447.3,2367.0,2448.1,1877.9,1784.4,1912.3,1808.2,1252.3,1258.2,1319.6,1191.2,1068.8,1321.1,789.8,1034.3,1047.9,798.3,1182.2,864.3,959.3,919.8,1044.9,949.2,1014.8,905.4,1092.9,620.0,519.2,2071.0,934.6,188.3,126.9,65.0
2008-07-01,8653.4,5735.3,4478.4,3035.0,2656.5,3002.0,2810.7,2438.4,2355.6,2449.3,1865.2,1784.9,1896.0,1810.8,1247.8,1256.1,1319.2,1185.2,1065.8,1322.9,791.2,1031.7,1050.4,794.7,1182.4,865.1,959.6,915.8,1048.3,951.8,1016.7,906.8,1089.7,620.3,519.4,2073.8,935.9,180.8,126.0,65.8
2008-08-01,8648.0,5709.2,4468.9,3027.8,2659.4,3007.6,2806.8,2432.0,2345.1,2446.4,1865.1,1788.0,1896.9,1807.9,1243.3,1256.2,1315.5,1179.3,1062.4,1321.8,792.6,1030.1,1048.1,792.6,1182.5,865.8,958.7,911.4,1045.7,950.2,1013.3,900.7,1087.5,620.4,518.9,2068.3,936.4,185.6,125.9,65.4
2008-09-01,8633.0,5696.9,4447.2,3021.6,2636.5,2996.8,2801.5,2421.4,2332.9,2439.2,1858.0,1780.5,1886.7,1801.2,1236.3,1253.4,1312.7,1175.0,1056.1,1317.9,795.0,1030.3,1047.2,791.8,1181.6,864.6,955.7,907.4,1039.5,945.9,1011.2,897.6,1083.8,618.7,519.0,2062.5,937.0,186.5,125.7,65.5
2008-10-01,8602.9,5657.8,4430.8,3014.2,2648.3,2988.7,2792.4,2407.8,2314.8,2434.2,1839.9,1751.3,1878.0,1794.0,1230.6,1247.0,1306.7,1167.2,1049.3,1314.4,794.2,1022.4,1037.7,788.2,1180.0,864.6,952.8,898.5,1037.8,942.1,1009.4,893.9,1079.2,615.4,516.9,2051.6,927.3,184.5,125.7,65.2
2008-11-01,8574.1,5621.9,4404.5,3002.1,2656.0,2981.0,2781.9,2393.8,2304.6,2424.6,1825.3,1762.6,1862.9,1785.0,1220.7,1242.7,1300.0,1160.8,1039.7,1308.8,794.3,1014.8,1029.6,784.8,1176.7,863.6,948.7,887.6,1031.6,936.4,1003.9,889.2,1071.9,611.5,514.3,2039.9,921.7,182.9,124.6,64.3
2008-12-01,8542.7,5588.8,4379.0,2994.1,2647.6,2973.6,2773.6,2380.5,2294.0,2412.8,1809.0,1750.2,1847.2,1775.3,1213.3,1236.8,1293.0,1156.0,1035.1,1305.4,792.3,1010.9,1019.8,783.5,1172.8,861.4,945.7,875.8,1028.5,930.4,999.1,886.0,1065.6,608.7,512.9,2032.0,916.2,181.0,124.4,64.2
2009-01-01,8493.5,5531.8,4343.5,2973.3,2633.0,2971.6,2757.9,2363.9,2269.2,2395.1,1789.8,1742.2,1787.5,1762.9,1205.1,1230.7,1283.9,1146.3,1025.3,1297.9,784.9,992.5,1014.5,774.5,1166.0,856.3,942.1,865.6,1020.0,924.7,996.3,880.0,1058.3,602.7,506.4,2017.8,905.8,179.8,123.8,63.7
2009-02-01,8463.3,5492.3,4317.3,2957.3,2620.9,2962.7,2751.7,2349.9,2250.4,2389.8,1771.0,1729.5,1788.5,1751.4,1193.3,1219.3,1274.2,1138.6,1019.0,1291.8,779.7,988.2,1005.4,769.6,1164.2,853.6,936.7,856.8,1014.2,921.0,991.4,873.4,1052.7,598.2,503.8,2000.8,896.3,177.7,123.1,62.8
2009-03-01,8419.4,5461.9,4287.1,2941.0,2606.7,2953.4,2731.4,2333.9,2235.3,2377.8,1755.2,1717.1,1779.1,1739.6,1187.0,1210.8,1266.0,1130.4,1011.9,1286.0,775.5,979.9,997.3,763.1,1158.7,849.9,933.5,845.2,1006.0,914.5,984.8,868.5,1045.4,594.8,500.8,1988.8,889.5,176.2,122.1,62.2
2009-04-01,8369.5,5410.6,4244.7,2925.0,2586.3,2943.3,2715.3,2317.3,2221.4,2366.8,1740.8,1702.8,1766.5,1728.6,1178.0,1203.4,1257.6,1123.5,1005.4,1283.9,774.5,971.3,991.2,758.1,1152.9,847.9,927.5,831.4,996.9,905.4,980.1,862.7,1034.4,589.4,498.8,1971.7,882.8,174.2,123.2,62.1
2009-05-01,8362.8,5394.6,4235.7,2918.7,2581.4,2941.1,2711.8,2307.1,2213.2,2361.1,1730.5,1695.0,1733.4,1724.9,1173.6,1199.6,1253.7,1119.0,1000.6,1280.9,774.3,967.9,986.9,756.1,1151.4,846.4,924.3,826.5,994.3,902.6,978.4,859.8,1026.5,589.0,498.6,1960.8,880.0,171.6,122.5,61.3
2009-06-01,8338.7,5370.2,4215.1,2905.3,2570.1,2939.8,2703.0,2296.1,2206.1,2351.9,1719.6,1687.0,1715.0,1717.3,1168.9,1196.9,1248.4,1114.7,996.8,1281.0,772.3,965.1,982.4,749.7,1148.2,846.2,921.9,821.2,989.1,900.3,977.2,854.6,1021.1,587.0,496.5,1953.4,876.0,170.1,122.1,61.0
2009-07-01,8343.5,5327.8,4197.3,2899.3,2557.0,2942.0,2696.9,2283.2,2198.5,2344.6,1711.2,1678.9,1732.3,1718.8,1161.9,1194.2,1234.0,1109.9,991.8,1275.7,770.9,961.6,979.3,749.4,1146.7,844.9,918.4,816.9,987.5,898.0,974.3,846.2,1017.5,583.6,495.0,1941.3,861.8,169.2,122.2,61.0
2009-08-01,8337.8,5307.9,4188.0,2894.2,2550.0,2942.6,2693.2,2276.8,2195.1,2343.4,1702.0,1669.3,1725.3,1711.1,1157.7,1191.7,1234.3,1108.7,989.3,1274.6,770.7,960.0,975.9,749.9,1145.8,843.5,915.8,813.7,987.4,898.0,972.9,841.7,1013.9,583.6,493.3,1925.4,862.9,169.8,121.9,60.6
2009-09-01,8308.3,5289.5,4179.7,2886.1,2549.3,2925.7,2687.7,2270.9,2189.7,2343.8,1696.9,1672.1,1727.3,1698.7,1149.9,1191.3,1230.2,1104.9,988.7,1274.5,770.8,957.8,975.1,750.1,1144.9,843.6,915.5,813.2,986.3,897.6,969.1,838.5,1014.7,584.3,492.8,1927.2,864.7,169.2,121.1,60.6
2009-10-01,8306.8,5293.0,4176.8,2887.5,2544.1,2935.0,2692.0,2266.1,2188.7,2343.0,1691.5,1668.3,1729.5,1701.4,1152.7,1189.1,1234.9,1102.6,986.7,1275.5,771.8,952.5,974.5,752.2,1143.1,845.8,914.7,810.4,984.4,895.8,964.2,845.1,1012.6,584.3,490.2,1932.5,866.4,168.2,121.3,61.5
2009-11-01,8303.7,5285.4,4173.2,2885.8,2541.4,2937.9,2689.4,2264.4,2190.4,2342.2,1690.2,1662.0,1722.4,1702.1,1150.5,1188.1,1235.3,1100.1,985.6,1274.9,773.0,951.9,972.6,755.3,1145.1,847.4,913.7,809.6,985.1,898.3,963.8,842.3,1013.4,583.1,491.7,1929.6,868.6,168.5,121.2,60.9
2009-12-01,8310.9,5280.6,4166.4,2885.0,2538.0,2937.5,2684.2,2262.4,2186.6,2341.7,1686.7,1661.2,1722.6,1702.7,1149.1,1186.9,1233.8,1096.4,984.4,1274.4,774.0,951.3,972.8,753.9,1147.3,847.9,911.7,812.5,985.3,897.9,962.1,840.1,1013.2,584.0,492.7,1925.4,866.7,168.3,120.9,60.9
2010-01-01,8312.6,5283.7,4169.2,2888.4,2542.7,2933.8,2688.8,2263.2,2181.7,2363.6,1687.2,1660.2,1729.0,1700.8,1147.3,1184.6,1231.5,1096.5,984.0,1275.1,775.0,951.8,974.2,754.4,1143.8,849.6,914.4,807.1,983.6,899.7,960.0,835.7,1017.2,583.7,490.5,1923.7,866.3,168.1,119.9,61.0
2010-02-01,8308.9,5277.0,4172.3,2888.9,2544.6,2904.4,2679.8,2262.9,2183.7,2361.5,1687.2,1656.0,1725.9,1700.0,1147.3,1187.6,1229.8,1097.5,983.7,1257.8,775.3,951.9,973.5,753.1,1140.1,850.7,914.5,805.5,981.5,899.0,961.0,833.2,1014.7,582.2,489.9,1919.9,866.9,167.7,118.8,60.8
2010-03-01,8325.8,5274.8,4170.1,2897.9,2551.8,2932.6,2683.4,2267.9,2184.8,2361.0,1688.8,1660.3,1723.0,1702.1,1148.7,1187.8,1229.6,1099.0,986.5,1278.0,779.3,955.1,975.7,755.6,1145.9,852.7,916.8,801.8,983.8,900.2,960.1,833.4,1014.7,584.4,492.2,1923.5,868.4,168.1,118.1,60.7
2010-04-01,8369.9,5299.3,4170.9,2899.8,2560.4,2959.4,2691.2,2273.7,2188.3,2368.8,1691.9,1666.8,1736.3,1714.0,1152.7,1189.9,1241.3,1097.8,992.2,1286.1,780.2,959.4,978.6,760.0,1151.5,853.7,919.3,803.3,986.9,904.8,968.5,834.1,1015.3,585.0,494.8,1926.7,873.8,168.4,118.8,60.4
2010-05-01,8387.4,5314.7,4191.4,2913.8,2574.0,2966.5,2705.3,2284.7,2198.5,2379.5,1699.7,1667.1,1735.6,1714.8,1155.9,1192.9,1247.3,1107.5,996.5,1284.8,782.8,965.0,980.3,764.4,1154.3,857.7,920.2,805.9,988.2,906.5,971.9,836.0,1016.0,586.8,497.2,1931.2,877.9,169.6,118.8,60.6
2010-06-01,8378.5,5308.0,4180.2,2916.1,2569.6,2967.2,2700.8,2283.7,2198.3,2365.4,1692.1,1666.2,1734.9,1715.3,1155.3,1193.5,1245.1,1106.9,997.5,1285.7,785.1,964.1,982.1,762.7,1158.3,855.6,920.4,805.2,985.7,906.0,971.0,834.7,1014.6,587.3,498.2,1929.8,875.8,169.0,118.6,60.4
2010-07-01,8340.3,5294.6,4162.1,2914.5,2571.1,2970.8,2696.9,2285.6,2199.6,2369.3,1690.7,1667.8,1746.8,1713.6,1148.3,1197.4,1242.4,1106.7,998.4,1284.9,785.4,963.3,980.4,760.4,1161.1,853.6,920.9,806.4,983.6,906.5,963.6,831.3,1017.1,588.1,498.7,1923.0,874.2,168.9,118.9,61.4
2010-08-01,8352.4,5298.4,4174.6,2916.3,2575.7,2959.9,2698.8,2282.7,2201.4,2370.6,1690.1,1662.2,1735.5,1713.7,1150.7,1197.0,1245.7,1108.1,997.9,1284.8,787.0,964.6,981.1,761.7,1162.5,854.6,921.0,805.6,982.4,906.2,964.1,828.8,1017.2,587.9,498.4,1916.6,872.7,168.1,118.0,60.8
2010-09-01,8359.8,5289.5,4181.7,2915.4,2576.2,2962.1,2693.4,2279.4,2198.9,2366.0,1683.0,1668.3,1745.2,1711.5,1148.7,1196.9,1242.2,1105.6,995.0,1282.3,786.8,963.9,982.9,767.8,1160.9,854.2,921.0,797.1,982.6,898.6,968.3,828.2,1017.4,588.5,498.2,1929.7,875.9,168.4,117.7,60.0
2010-10-01,8382.4,5311.8,4201.7,2936.3,2585.0,2970.4,2700.7,2289.8,2201.2,2380.2,1697.1,1674.1,1752.1,1722.2,1150.4,1198.7,1243.5,1113.6,998.1,1287.3,795.9,970.3,989.0,772.5,1163.0,859.5,924.1,800.6,986.1,908.0,971.8,831.6,1019.6,591.6,500.0,1929.8,880.3,169.1,118.1,60.9
2010-11-01,8385.1,5307.5,4202.7,2935.7,2588.0,2971.7,2700.7,2288.0,2198.7,2378.5,1696.3,1674.2,1751.0,1723.7,1152.2,1200.4,1241.2,1111.5,996.7,1288.1,797.4,973.2,989.0,772.4,1163.2,858.4,924.8,801.4,986.9,907.3,970.4,829.4,1019.7,591.4,500.3,1927.6,883.6,169.2,118.4,60.9
2010-12-01,8390.5,5314.9,4208.2,2942.9,2593.2,2976.3,2704.1,2287.1,2207.4,2382.7,1698.9,1677.7,1752.6,1724.7,1153.7,1202.2,1242.7,1112.9,997.3,1288.5,799.1,975.1,991.3,773.8,1166.1,860.1,927.4,802.1,986.7,908.3,972.3,828.2,1020.7,591.8,501.0,1930.5,885.2,169.5,118.0,60.6
2011-01-01,8411.7,5334.3,4215.7,2951.3,2601.1,2982.3,2705.7,2279.6,2213.3,2385.5,1702.2,1678.7,1764.3,1732.4,1149.1,1204.3,1247.7,1114.3,998.1,1289.9,800.5,972.3,992.5,774.1,1170.9,862.6,927.3,804.3,989.7,911.6,970.0,830.4,1020.8,591.8,502.1,1940.6,887.5,169.6,118.3,60.4
2011-02-01,8422.9,5331.0,4215.5,2951.7,2598.7,2984.9,2706.9,2303.7,2215.6,2390.5,1704.4,1681.7,1766.7,1736.8,1152.7,1204.3,1249.7,1114.4,998.6,1293.1,801.8,978.4,994.6,774.2,1169.4,863.2,930.5,803.8,989.5,911.7,969.6,829.0,1022.8,592.3,503.8,1943.0,889.5,169.7,118.2,60.5
2011-03-01,8433.6,5330.2,4223.9,2964.9,2611.9,2989.2,2710.4,2313.3,2215.3,2394.1,1706.7,1683.2,1772.4,1739.4,1152.8,1204.7,1248.4,1115.9,999.7,1296.1,804.4,979.5,996.0,777.5,1171.1,866.5,933.1,805.8,991.7,913.9,973.1,828.0,1023.4,593.6,505.1,1943.3,890.8,173.4,117.4,60.5
2011-04-01,8466.4,5320.4,4232.6,2976.0,2625.7,3002.5,2713.8,2314.6,2231.7,2397.9,1712.8,1691.6,1787.2,1746.8,1152.6,1211.6,1249.2,1118.1,1004.9,1303.9,809.9,981.8,1000.6,780.7,1171.5,869.2,939.4,805.1,994.1,916.5,972.5,827.6,1027.4,595.4,504.8,1950.2,891.5,172.3,117.5,60.8
2011-05-01,8451.4,5321.8,4232.0,2978.7,2626.4,2987.8,2706.7,2315.9,2227.9,2398.7,1715.6,1688.5,1780.0,1747.5,1152.2,1211.6,1247.1,1117.5,1003.5,1299.8,809.1,981.1,998.2,783.3,1172.9,869.4,938.7,805.7,992.1,917.6,974.4,826.2,1024.1,594.9,504.5,1951.0,892.4,171.8,117.1,61.6
2011-06-01,8461.7,5325.6,4228.5,2985.3,2634.6,2995.6,2704.4,2315.3,2228.9,2389.2,1709.9,1691.3,1778.2,1745.7,1149.7,1212.6,1245.6,1117.8,1004.5,1300.7,810.7,984.7,998.8,783.5,1176.2,868.5,938.5,805.6,990.7,914.4,972.0,824.7,1022.1,596.4,504.8,1950.8,893.9,170.0,117.6,61.4
2011-07-01,8481.8,5341.9,4245.6,2999.5,2643.2,3007.1,2706.9,2320.7,2236.0,2411.1,1717.7,1697.5,1791.0,1740.1,1153.5,1214.3,1249.3,1124.4,1008.3,1305.4,813.5,987.3,1001.8,790.7,1174.9,873.1,943.5,810.3,998.1,925.0,976.8,827.4,1030.1,599.6,506.2,1961.9,894.6,171.7,117.4,60.7
2011-08-01,8489.8,5339.2,4254.3,3000.6,2648.0,3003.2,2701.3,2321.9,2240.1,2410.3,1724.3,1695.9,1793.5,1755.5,1155.9,1218.1,1249.5,1126.7,1009.0,1306.6,816.4,990.1,1002.4,791.4,1175.6,874.7,944.7,809.8,1000.0,923.5,974.4,830.4,1033.1,601.5,506.6,1964.7,897.1,170.2,117.9,61.6
2011-09-01,8511.6,5350.4,4265.2,3007.9,2657.5,3014.9,2705.6,2326.6,2248.6,2415.8,1726.7,1700.2,1802.2,1762.6,1159.4,1222.3,1252.4,1133.5,1015.7,1307.8,818.5,991.3,1003.9,794.1,1179.0,876.5,949.3,809.2,1000.4,925.1,978.3,832.8,1030.6,601.8,508.0,1974.2,902.0,170.6,118.2,62.0
2011-10-01,8500.4,5348.5,4263.9,3008.0,2657.1,3006.8,2702.3,2324.6,2247.2,2415.7,1729.3,1701.8,1806.5,1761.8,1158.0,1218.3,1252.3,1132.2,1012.5,1309.6,820.1,989.8,1005.2,796.2,1180.6,875.9,948.3,811.5,998.9,929.1,979.6,834.4,1027.3,601.7,508.6,1974.6,904.0,169.8,118.7,62.0
2011-11-01,8514.2,5354.8,4267.1,3010.9,2664.9,3007.3,2703.6,2325.7,2246.6,2417.5,1730.3,1706.1,1809.4,1763.6,1160.1,1223.6,1254.7,1131.8,1015.1,1312.2,822.4,995.5,1007.8,798.4,1182.0,876.2,950.5,811.6,1000.5,929.0,983.9,835.0,1032.2,603.0,508.9,1977.6,905.3,170.3,119.4,62.3
2011-12-01,8523.9,5365.0,4270.9,3015.8,2676.7,3012.7,2706.0,2328.8,2256.9,2423.4,1731.0,1708.5,1809.1,1767.2,1160.7,1227.9,1255.7,1134.8,1017.3,1314.9,825.5,997.1,1010.7,801.4,1183.1,878.6,953.0,813.3,1002.3,934.3,984.7,834.5,1034.2,604.3,510.1,1981.7,908.5,170.2,118.2,62.4
2012-01-01,8556.3,5390.1,4286.8,3027.4,2685.7,3013.9,2711.8,2336.9,2262.8,2428.3,1739.7,1710.7,1823.2,1766.7,1166.7,1230.9,1258.5,1139.8,1020.9,1318.5,831.0,1002.2,1013.4,806.0,1184.6,880.6,956.3,815.1,1005.0,937.5,988.5,836.4,1036.5,607.0,516.1,1989.7,912.0,170.5,118.9,62.5
2012-02-01,8584.6,5403.1,4293.6,3036.3,2690.8,3019.0,2716.6,2340.1,2265.6,2432.7,1742.0,1714.7,1825.2,1770.3,1170.3,1233.8,1261.7,1140.8,1024.4,1319.1,831.0,1004.1,1015.4,808.2,1188.0,882.6,960.7,816.6,1008.3,944.8,990.6,839.1,1040.3,608.5,515.8,1997.0,914.6,170.7,118.6,62.4
2012-03-01,8607.1,5416.6,4299.7,3045.8,2707.2,3029.8,2725.3,2346.2,2271.9,2441.4,1747.2,1721.7,1834.0,1776.3,1173.8,1237.9,1264.6,1142.4,1028.9,1321.1,833.0,1007.3,1017.7,814.0,1194.1,885.1,964.6,817.8,1009.9,943.0,991.6,839.3,1044.1,609.9,518.1,2004.3,919.3,170.3,119.2,63.3
2012-04-01,8576.4,5445.7,4307.1,3053.4,2715.9,3029.5,2715.4,2352.4,2276.0,2435.7,1748.9,1725.3,1830.2,1779.9,1181.0,1241.5,1281.0,1144.5,1028.0,1320.3,835.7,1008.6,1018.5,811.6,1190.8,886.7,962.0,821.0,1008.9,942.2,990.2,846.9,1045.2,617.5,520.3,2017.0,925.8,172.2,119.1,62.7
2012-05-01,8601.6,5459.6,4304.2,3057.4,2727.6,3027.9,2716.0,2356.6,2279.4,2437.7,1751.2,1729.9,1828.1,1772.3,1185.5,1243.5,1284.7,1146.1,1027.8,1319.7,838.2,1012.5,1020.8,812.9,1188.7,889.3,964.4,822.2,1010.8,944.1,991.0,847.8,1044.9,621.4,520.7,2025.0,928.0,173.3,119.7,63.5
2012-06-01,8616.6,5475.4,4307.6,3063.4,2738.5,3033.7,2716.8,2363.8,2284.2,2443.6,1759.5,1734.2,1828.4,1775.1,1189.3,1248.8,1287.5,1146.8,1030.1,1320.9,842.4,1011.4,1022.6,815.3,1188.5,891.8,968.1,825.4,1012.6,946.2,990.3,852.7,1046.3,623.1,521.5,2035.0,931.9,173.6,119.5,63.8
2012-07-01,8584.4,5478.8,4313.5,3065.2,2745.0,3028.4,2720.0,2358.0,2285.2,2445.7,1761.1,1733.8,1839.8,1772.3,1188.6,1251.3,1286.6,1148.0,1032.4,1321.8,844.5,1014.4,1023.0,817.4,1186.4,893.0,965.4,825.1,1011.9,948.3,990.0,850.2,1046.7,620.6,523.5,2039.7,932.2,175.2,120.2,63.6
2012-08-01,8617.9,5482.8,4320.5,3074.6,2758.6,3037.7,2723.3,2360.3,2288.3,2452.0,1765.6,1736.4,1842.6,1778.0,1190.4,1250.7,1288.8,1148.7,1033.4,1324.0,849.0,1016.5,1024.7,819.5,1184.9,899.8,966.1,826.5,1012.6,948.7,993.8,850.6,1045.0,623.9,524.3,2045.1,934.7,175.5,120.6,64.0
2012-09-01,8644.5,5494.8,4332.0,3081.8,2768.6,3043.6,2724.8,2361.2,2295.6,2457.2,1772.3,1740.4,1840.4,1786.1,1191.4,1257.1,1291.3,1150.4,1037.8,1326.7,853.3,1019.2,1024.9,822.2,1186.7,900.2,971.8,829.9,1016.0,952.0,992.2,851.0,1047.2,625.0,524.2,2049.9,938.3,175.0,121.0,64.0
2012-10-01,8643.9,5499.6,4332.9,3089.3,2774.8,3050.8,2727.8,2369.2,2302.6,2459.7,1775.4,1747.3,1843.0,1788.9,1195.3,1261.8,1293.3,1153.7,1043.5,1328.6,858.3,1020.7,1028.9,825.1,1189.6,902.3,977.8,831.6,1017.7,952.3,993.8,852.4,1048.8,625.6,524.6,2054.8,942.0,175.6,120.9,64.2
2012-11-01,8602.7,5518.7,4339.4,3097.1,2784.7,3054.3,2727.5,2376.7,2304.9,2463.9,1778.8,1753.0,1846.7,1791.8,1197.0,1265.9,1296.1,1154.9,1047.8,1330.4,863.9,1023.3,1030.1,827.8,1189.7,904.5,978.0,833.8,1016.2,951.5,994.8,854.0,1049.9,628.1,526.4,2062.2,945.7,175.2,120.9,64.4
2012-12-01,8663.6,5529.3,4345.6,3106.2,2790.5,3056.3,2732.3,2375.6,2307.8,2465.7,1783.0,1754.4,1851.8,1791.6,1196.3,1269.6,1299.5,1158.6,1048.8,1333.5,864.8,1025.1,1031.0,830.8,1189.1,907.8,979.3,834.5,1015.5,952.7,994.0,854.8,1049.9,628.4,527.1,2068.6,948.8,176.3,121.7,64.4
2013-01-01,8675.5,5521.3,4352.6,3101.8,2795.3,3059.2,2733.4,2390.2,2314.0,2470.8,1786.2,1759.2,1857.3,1801.6,1209.5,1274.0,1302.0,1162.1,1046.6,1337.3,867.2,1026.8,1030.3,832.3,1188.3,907.3,982.0,837.2,1016.5,955.3,997.4,864.8,1051.0,630.8,529.3,2067.1,951.0,177.3,121.4,64.5
2013-02-01,8691.8,5537.2,4369.6,3116.4,2811.0,3063.2,2741.1,2396.5,2323.0,2475.8,1791.8,1764.5,1862.4,1809.4,1218.0,1279.8,1304.6,1164.6,1054.1,1339.5,870.2,1029.7,1035.1,837.3,1190.8,912.2,981.8,838.4,1021.8,958.9,997.2,868.1,1050.4,632.8,531.4,2077.9,955.3,178.1,122.6,65.0
2013-03-01,8713.7,5540.2,4368.9,3124.4,2819.5,3062.7,2744.4,2397.0,2328.2,2480.6,1795.9,1767.1,1867.3,1809.3,1222.1,1283.6,1308.0,1167.2,1057.0,1341.2,872.2,1030.8,1037.0,838.4,1190.5,914.2,984.4,841.4,1020.7,959.2,995.7,868.2,1050.8,634.4,533.1,2084.0,958.8,178.6,123.3,65.1
2013-04-01,8728.6,5557.5,4364.9,3132.8,2826.8,3062.4,2741.3,2404.3,2332.2,2485.0,1801.4,1771.6,1864.0,1807.8,1224.7,1286.7,1311.7,1169.3,1057.8,1338.9,877.0,1032.3,1041.2,841.4,1187.4,916.4,987.4,845.7,1026.7,959.9,998.5,867.4,1051.7,636.6,532.4,2086.0,961.2,179.5,122.2,65.7
2013-05-01,8731.5,5565.9,4375.5,3140.1,2831.2,3060.5,2739.9,2403.9,2337.4,2489.9,1806.9,1776.3,1868.4,1810.7,1229.5,1288.5,1312.6,1172.4,1061.3,1339.3,880.1,1033.7,1044.4,842.9,1187.3,918.4,988.5,845.0,1027.9,959.5,1000.3,867.0,1053.4,637.1,532.3,2090.3,963.8,180.1,122.8,66.4
2013-06-01,8745.5,5577.8,4380.1,3151.8,2839.5,3052.6,2742.0,2410.9,2345.4,2491.2,1810.9,1776.5,1868.9,1812.9,1233.6,1294.1,1314.1,1174.6,1066.4,1342.0,883.4,1035.3,1046.8,846.2,1187.3,921.9,989.5,850.2,1028.0,962.5,1003.4,867.5,1055.2,637.9,533.1,2090.9,966.5,180.9,123.5,66.4
2013-07-01,8760.6,5586.8,4383.6,3163.6,2849.0,3055.2,2741.5,2416.8,2350.5,2485.7,1816.5,1780.3,1861.0,1806.0,1232.8,1297.5,1316.1,1178.8,1069.0,1342.5,887.1,1039.1,1047.6,847.8,1188.9,925.8,991.1,851.8,1026.5,965.3,1001.7,868.7,1054.3,638.7,535.1,2096.2,963.8,181.5,124.1,66.4
2013-08-01,8777.2,5603.6,4391.3,3173.4,2854.0,3061.1,2744.9,2423.2,2356.4,2493.6,1817.5,1786.1,1874.0,1814.6,1239.4,1302.0,1317.3,1180.4,1074.6,1342.1,889.8,1041.8,1052.7,850.8,1187.8,926.8,993.7,853.0,1031.8,968.7,1004.7,870.8,1058.5,640.5,539.0,2104.9,971.7,183.5,123.6,67.2
2013-09-01,8794.2,5608.2,4396.9,3183.0,2860.8,3064.1,2746.1,2432.8,2361.9,2495.1,1821.4,1789.6,1876.3,1824.4,1243.9,1306.1,1320.6,1181.5,1076.7,1342.3,894.1,1044.6,1055.2,852.3,1188.1,929.5,995.9,853.2,1034.5,971.8,1008.7,873.6,1057.6,640.3,543.1,2108.2,977.0,183.4,123.7,67.2
2013-10-01,8821.4,5619.0,4399.1,3186.7,2868.3,3053.4,2747.8,2440.9,2363.5,2501.3,1825.9,1795.6,1881.8,1829.2,1246.9,1310.2,1326.4,1183.7,1079.5,1340.9,896.7,1047.4,1057.7,857.1,1188.1,931.0,997.8,855.1,1035.3,973.9,1008.0,874.0,1058.1,643.7,542.4,2115.9,978.5,185.4,123.9,67.3
2013-11-01,8843.8,5635.0,4403.8,3196.2,2875.8,3064.4,2751.0,2446.7,2373.4,2504.0,1830.9,1801.1,1881.4,1830.0,1250.7,1313.6,1328.9,1187.2,1084.3,1345.0,901.7,1051.3,1061.9,859.2,1187.2,932.9,1000.8,858.8,1036.6,980.2,1006.9,877.0,1060.3,645.6,544.3,2127.1,984.9,187.1,124.4,67.2
2013-12-01,8845.3,5642.8,4416.3,3199.8,2879.7,3061.5,2748.0,2452.3,2379.5,2509.1,1833.4,1804.5,1882.0,1832.3,1254.2,1316.6,1332.1,1187.4,1086.8,1341.0,902.9,1054.6,1062.4,861.2,1187.6,934.5,1003.7,861.5,1034.6,979.7,1009.3,879.1,1061.8,646.7,545.7,2129.8,988.7,187.5,125.0,67.6
2014-01-01,8843.9,5647.3,4409.1,3205.0,2883.0,3059.7,2754.3,2459.5,2383.9,2516.4,1833.9,1812.7,1878.5,1830.3,1259.4,1320.7,1328.2,1187.9,1092.6,1340.2,906.2,1060.2,1067.1,863.3,1187.3,935.7,1002.9,865.5,1034.9,975.0,1008.1,880.5,1059.9,646.4,547.3,2133.4,992.6,187.9,124.8,68.1
2014-02-01,8855.2,5651.4,4417.9,3216.8,2894.3,3057.4,2750.0,2453.4,2391.2,2521.6,1835.4,1813.1,1890.4,1832.8,1267.6,1324.1,1333.2,1189.3,1094.8,1339.3,910.4,1056.4,1065.3,866.1,1185.9,938.4,1004.6,869.3,1037.2,975.9,1010.2,881.9,1058.4,647.3,545.0,2141.9,996.8,187.8,124.5,68.2
2014-03-01,8873.0,5663.7,4425.1,3229.0,2904.2,3059.5,2757.8,2478.2,2396.9,2525.7,1839.0,1816.2,1892.7,1833.2,1272.5,1328.5,1336.0,1194.8,1099.0,1342.4,914.6,1064.9,1070.5,867.8,1186.5,942.6,1006.1,872.8,1041.4,978.4,1014.3,884.2,1059.1,647.9,549.0,2146.3,1000.3,188.6,124.9,68.5
2014-04-01,8904.2,5665.8,4438.6,3244.1,2919.2,3069.5,2767.3,2487.5,2407.7,2534.8,1843.6,1816.9,1885.9,1837.7,1278.6,1335.3,1337.2,1200.4,1101.6,1350.6,917.3,1069.2,1071.9,875.2,1189.5,947.5,1011.2,877.5,1042.8,981.5,1018.4,886.5,1059.7,650.2,552.3,2152.7,1003.0,191.5,125.5,68.6
2014-05-01,8928.5,5678.0,4447.8,3252.8,2929.6,3075.9,2771.6,2497.3,2415.0,2535.0,1841.5,1819.8,1894.0,1841.9,1282.0,1339.1,1340.3,1205.2,1107.6,1350.6,920.1,1072.5,1075.0,877.9,1191.2,951.7,1012.5,879.5,1046.5,984.7,1021.1,888.1,1061.4,650.8,554.0,2159.5,1005.3,191.3,126.1,68.3
2014-06-01,8938.7,5679.9,4448.2,3264.1,2936.6,3080.7,2774.6,2502.6,2421.6,2536.1,1848.9,1821.9,1903.9,1844.9,1286.1,1342.5,1343.3,1207.3,1111.1,1352.3,922.9,1076.4,1078.1,879.0,1192.3,954.3,1013.4,881.1,1044.2,985.2,1023.7,891.7,1061.4,653.0,557.4,2163.4,1008.1,191.5,125.8,68.5
2014-07-01,8957.7,5677.3,4452.3,3272.4,2946.3,3073.8,2776.2,2514.6,2426.8,2541.0,1851.8,1834.0,1906.9,1848.9,1288.5,1345.4,1344.7,1211.9,1114.7,1350.7,925.9,1078.1,1079.6,881.2,1189.7,956.2,1016.2,881.4,1046.1,985.4,1024.1,889.1,1060.4,650.4,556.4,2168.2,1006.1,192.3,126.7,68.2
2014-08-01,8980.0,5710.9,4455.7,3281.2,2956.3,3081.7,2779.5,2524.1,2436.4,2533.7,1855.6,1841.0,1908.3,1852.2,1296.5,1353.9,1349.4,1213.5,1119.9,1354.9,928.2,1081.0,1083.4,886.7,1190.5,957.8,1021.1,888.3,1049.2,986.2,1026.0,892.3,1062.9,654.3,557.4,2176.0,1013.9,192.2,126.7,68.0
2014-09-01,8990.5,5723.9,4456.5,3290.8,2964.7,3085.9,2785.2,2528.7,2445.1,2554.1,1860.0,1843.6,1903.8,1850.8,1302.5,1359.2,1352.4,1216.4,1121.8,1356.1,931.1,1084.8,1087.6,888.8,1191.9,959.9,1025.1,892.1,1048.6,987.4,1025.6,895.0,1064.5,656.1,559.9,2182.2,1019.2,192.6,127.0,68.5
2014-10-01,9010.7,5723.3,4467.4,3304.1,2977.5,3088.0,2787.9,2532.2,2455.4,2562.5,1865.8,1846.9,1910.6,1853.2,1306.6,1365.9,1353.3,1217.8,1123.0,1357.7,934.3,1090.1,1088.9,891.6,1190.9,967.2,1025.4,896.7,1050.4,989.1,1028.3,897.4,1065.9,657.5,562.8,2187.3,1020.9,193.0,127.3,68.9
2014-11-01,9029.0,5735.8,4475.1,3316.7,2987.2,3089.8,2795.8,2544.9,2463.4,2571.5,1872.7,1851.1,1915.1,1858.8,1316.2,1367.5,1359.1,1222.5,1125.7,1359.3,938.4,1093.1,1092.4,895.6,1190.8,969.3,1028.7,897.0,1052.7,996.2,1031.7,899.9,1066.9,659.6,564.7,2196.2,1022.5,193.1,127.8,68.9
2014-12-01,9048.0,5744.8,4484.8,3330.0,2996.6,3094.1,2798.8,2554.5,2469.8,2578.2,1880.9,1858.1,1924.6,1861.9,1322.9,1372.9,1362.1,1225.6,1129.6,1359.9,941.7,1096.5,1097.4,898.2,1193.3,971.5,1032.3,900.6,1055.9,997.9,1033.7,898.5,1069.7,661.8,567.1,2203.7,1025.3,192.9,128.1,69.4
2015-01-01,9054.4,5752.5,4485.9,3337.8,2995.9,3105.4,2795.0,2552.3,2473.3,2571.3,1884.5,1862.9,1924.3,1861.0,1325.9,1378.3,1367.4,1228.3,1133.3,1360.8,944.5,1099.8,1101.3,898.8,1192.1,974.7,1030.8,905.1,1056.1,998.5,1035.0,904.9,1066.8,665.0,566.6,2214.4,1030.3,194.1,129.1,69.8
2015-02-01,9059.9,5769.5,4490.8,3346.4,2996.8,3107.7,2798.9,2557.2,2476.8,2564.3,1889.1,1865.0,1924.0,1864.6,1329.6,1383.5,1367.1,1233.2,1138.8,1361.9,948.0,1105.2,1104.2,900.0,1188.8,977.8,1032.0,906.5,1054.2,1000.0,1038.6,905.1,1067.4,666.7,568.5,2217.7,1032.2,194.9,129.2,69.8
2015-03-01,9073.2,5783.2,4495.4,3344.4,2994.2,3100.8,2797.8,2561.4,2482.8,2578.6,1892.5,1871.5,1925.4,1867.9,1333.8,1385.3,1370.0,1236.4,1141.8,1361.8,951.6,1105.8,1106.4,902.3,1186.5,978.8,1032.8,909.3,1055.7,1001.8,1040.7,909.3,1065.4,669.4,569.6,2226.7,1035.0,195.8,129.5,69.9
2015-04-01,9093.6,5790.6,4511.3,3356.8,2989.9,3114.9,2805.5,2562.9,2488.5,2583.8,1895.8,1876.2,1931.3,1872.1,1337.8,1387.5,1372.9,1237.6,1149.9,1369.3,954.6,1107.3,1108.1,906.4,1188.2,980.7,1034.4,910.5,1059.3,1004.7,1040.1,910.0,1069.8,669.5,571.8,2233.4,1039.6,195.2,129.5,69.8
2015-05-01,9120.2,5800.2,4533.5,3371.3,2991.6,3120.1,2817.8,2578.2,2495.6,2597.2,1903.5,1878.1,1940.1,1878.8,1343.9,1392.7,1378.5,1244.3,1155.9,1372.7,959.4,1115.3,1109.9,912.5,1191.0,984.0,1038.2,915.1,1063.1,1008.2,1045.2,912.9,1073.2,672.7,573.9,2239.1,1043.2,195.5,129.6,70.0
2015-06-01,9127.5,5816.1,4532.6,3380.2,2993.2,3126.0,2820.3,2585.9,2501.4,2597.5,1907.8,1886.5,1940.2,1880.1,1347.2,1395.7,1380.3,1248.0,1160.6,1373.2,963.7,1121.9,1112.9,914.7,1190.8,985.2,1043.0,916.7,1064.8,1009.8,1046.9,914.8,1070.6,672.9,576.8,2243.4,1046.7,196.4,130.0,70.0
2015-07-01,9156.5,5842.1,4538.0,3392.0,2992.4,3137.0,2814.8,2589.1,2510.8,2603.1,1913.9,1891.4,1943.2,1880.4,1357.4,1398.5,1387.4,1249.6,1166.1,1380.4,967.5,1120.8,1118.8,916.6,1192.8,988.0,1044.6,917.3,1068.6,1012.1,1049.5,920.9,1072.6,676.4,576.2,2260.0,1050.4,198.1,130.7,70.3
2015-08-01,9170.0,5860.0,4540.9,3400.3,2995.2,3138.8,2821.6,2596.3,2518.0,2606.0,1921.7,1896.0,1943.7,1882.8,1362.6,1403.1,1392.8,1255.8,1169.0,1379.8,971.3,1124.5,1121.8,919.4,1194.5,990.2,1045.4,923.0,1068.7,1014.2,1048.8,923.2,1071.9,678.1,578.7,2268.3,1054.5,197.3,131.2,71.0
2015-09-01,9172.9,5873.0,4542.6,3405.0,2996.1,3142.6,2823.5,2602.1,2522.1,2603.4,1926.8,1902.1,1945.8,1880.9,1362.8,1406.4,1396.1,1256.7,1173.2,1376.4,974.4,1127.3,1123.7,921.8,1191.7,993.1,1043.9,923.7,1069.2,1014.9,1049.6,924.4,1071.5,679.0,580.5,2273.1,1057.5,198.4,131.9,70.7
2015-10-01,9205.9,5897.9,4556.0,3413.6,2998.3,3154.5,2829.7,2612.0,2539.7,2615.2,1936.4,1904.7,1950.9,1885.7,1374.1,1409.3,1400.4,1266.2,1179.1,1385.3,977.1,1133.5,1128.9,926.3,1189.2,995.6,1047.6,928.3,1071.0,1018.6,1052.5,930.1,1073.7,682.8,581.6,2282.7,1064.5,198.8,132.1,70.2
2015-11-01,9213.7,5902.2,4557.1,3416.0,2992.4,3157.5,2835.8,2614.9,2542.1,2620.8,1945.0,1908.7,1951.8,1889.6,1380.4,1414.3,1401.7,1273.0,1182.5,1385.8,979.9,1136.9,1129.9,929.3,1192.6,999.2,1047.6,932.3,1072.5,1021.1,1052.7,931.8,1073.6,683.6,583.6,2285.6,1063.1,198.8,132.8,70.9
2015-12-01,9223.7,5907.7,4564.3,3426.3,2994.2,3168.7,2839.7,2627.0,2549.4,2626.3,1946.9,1913.1,1956.4,1892.3,1390.6,1417.0,1403.4,1274.3,1188.2,1388.6,983.3,1141.4,1134.5,933.2,1191.7,1000.3,1050.1,936.2,1075.3,1024.3,1055.7,934.9,1076.6,686.6,586.3,2292.6,1063.7,199.0,132.6,71.0
2016-01-01,9230.1,5931.4,4569.2,3440.6,3003.4,3159.3,2836.2,2638.2,2552.9,2629.0,1950.3,1918.4,1962.5,1894.1,1384.9,1420.6,1404.6,1276.5,1189.8,1388.1,986.0,1142.0,1137.5,935.1,1190.6,1005.9,1054.2,933.6,1076.5,1025.4,1059.0,938.2,1081.4,687.4,588.4,2303.2,1070.7,199.5,133.3,70.4
2016-02-01,9242.4,5944.3,4570.3,3451.2,2998.9,3160.1,2841.3,2640.5,2558.7,2634.1,1956.7,1927.9,1960.0,1897.8,1385.6,1423.7,1409.4,1280.1,1193.4,1385.3,989.4,1145.3,1142.1,936.5,1190.0,1008.9,1056.4,936.1,1076.0,1028.9,1059.9,942.8,1080.6,690.7,589.6,2310.7,1073.2,200.5,133.9,70.4
2016-03-01,9268.5,5936.7,4571.5,3452.7,2992.9,3167.6,2850.7,2641.5,2561.2,2641.0,1962.8,1930.7,1960.2,1899.3,1386.0,1427.3,1406.9,1282.7,1197.0,1389.5,991.1,1149.9,1143.3,942.1,1191.0,1010.2,1060.5,938.4,1080.1,1029.6,1060.9,941.7,1081.3,692.3,590.5,2308.9,1071.9,201.0,133.8,69.8
2016-04-01,9292.4,5978.1,4582.1,3467.3,2997.1,3186.1,2856.1,2658.8,2576.8,2644.5,1966.8,1942.7,1975.9,1905.8,1394.8,1428.5,1417.9,1289.8,1203.7,1394.8,995.1,1154.8,1146.9,943.6,1192.2,1011.8,1059.6,942.2,1081.5,1030.4,1066.3,946.4,1081.0,694.6,592.7,2326.8,1080.6,202.1,134.1,70.6
2016-05-01,9265.0,5985.8,4579.9,3476.2,2993.9,3177.8,2855.8,2665.7,2575.7,2648.1,1972.0,1945.7,1973.5,1903.7,1395.9,1428.9,1418.6,1292.1,1206.9,1392.6,996.3,1154.9,1148.2,945.3,1190.2,1012.3,1060.3,943.9,1081.9,1031.5,1064.1,948.0,1080.0,695.5,593.6,2325.8,1081.5,201.7,134.0,70.6
2016-06-01,9285.6,5964.6,4576.2,3473.7,2988.9,3177.3,2858.9,2670.0,2575.3,2639.5,1970.3,1948.5,1975.6,1899.3,1395.1,1430.2,1415.8,1290.7,1208.1,1392.3,999.0,1157.2,1148.9,947.5,1188.1,1010.4,1061.7,949.0,1079.1,1028.4,1061.6,947.6,1075.7,696.0,594.6,2325.3,1082.8,201.5,134.5,70.3
2016-07-01,9316.2,5995.8,4598.0,3492.1,2993.2,3187.2,2873.8,2679.6,2588.0,2660.6,1987.0,1952.4,1985.5,1915.4,1405.8,1436.3,1426.9,1298.1,1218.6,1394.1,1007.3,1163.1,1151.0,954.2,1191.4,1016.4,1064.5,954.2,1087.8,1039.8,1067.4,955.2,1082.0,701.5,596.4,2340.6,1085.5,202.1,134.4,70.8
2016-08-01,9329.5,5997.9,4598.3,3499.5,2990.5,3197.7,2873.0,2683.1,2589.9,2663.5,1989.0,1955.8,1979.9,1919.8,1408.9,1438.8,1429.0,1299.9,1219.8,1395.4,1008.8,1163.7,1153.9,955.1,1191.3,1020.1,1066.2,954.8,1086.0,1039.0,1070.9,956.9,1081.5,702.0,596.8,2344.1,1087.2,202.3,134.4,70.6
2016-09-01,9348.0,6007.2,4605.9,3514.4,2993.6,3204.9,2882.5,2699.6,2601.1,2667.7,1997.4,1964.0,1989.4,1921.2,1412.4,1442.3,1433.8,1304.3,1227.4,1398.2,1011.6,1171.5,1156.8,960.4,1190.8,1021.9,1069.6,959.1,1088.5,1041.3,1074.6,956.9,1081.6,704.2,599.6,2351.8,1088.9,202.7,135.0,70.8
2016-10-01,9338.5,6016.3,4607.8,3514.8,2992.3,3203.5,2880.6,2693.9,2598.7,2662.5,1995.2,1963.0,1988.3,1919.4,1416.5,1442.7,1433.9,1307.5,1225.9,1398.5,1013.4,1169.6,1159.7,961.6,1190.4,1023.7,1070.8,956.6,1089.2,1039.0,1075.7,956.6,1080.6,703.5,600.7,2355.9,1089.7,202.7,135.4,70.9
2016-11-01,9347.0,6021.1,4609.1,3525.2,2991.2,3212.3,2880.1,2701.4,2603.1,2667.5,1996.0,1969.2,1995.9,1922.0,1415.2,1445.0,1436.4,1308.4,1229.4,1400.6,1015.0,1172.9,1162.2,962.8,1192.5,1026.4,1073.7,959.4,1089.3,1039.3,1075.9,959.3,1082.3,703.3,602.1,2359.1,1091.8,202.8,135.7,71.2
2016-12-01,9369.6,6026.3,4611.3,3533.6,2995.7,3219.3,2885.1,2711.8,2608.5,2672.0,2000.5,1974.1,1993.4,1923.6,1421.2,1446.7,1438.2,1312.4,1233.5,1402.2,1018.3,1174.7,1161.3,966.5,1191.0,1030.7,1074.7,961.3,1089.7,1038.3,1075.1,961.0,1080.8,703.5,602.3,2360.5,1093.6,203.3,135.6,71.6
2017-01-01,9389.8,6019.3,4611.2,3543.9,3001.1,3220.2,2893.9,2709.2,2615.9,2680.6,2004.2,1974.3,2000.2,1932.0,1426.0,1446.9,1438.1,1314.6,1239.1,1401.1,1022.0,1177.4,1160.6,968.1,1193.5,1033.8,1077.4,966.3,1091.9,1041.3,1075.2,959.8,1080.2,707.8,602.4,2364.6,1094.9,204.1,135.1,71.9
2017-02-01,9409.6,6024.0,4618.3,3549.2,3002.4,3227.4,2894.6,2714.5,2619.1,2676.8,2009.4,1980.1,1998.5,1936.5,1430.0,1450.2,1440.4,1313.9,1241.3,1402.0,1024.1,1180.2,1170.6,972.8,1196.2,1033.4,1079.7,967.2,1094.7,1042.2,1078.7,961.8,1080.8,708.8,605.2,2369.5,1097.6,204.3,135.2,71.8
2017-03-01,9409.6,6031.7,4622.8,3557.2,3015.1,3232.6,2895.2,2721.1,2624.7,2681.1,2017.8,1986.8,2000.4,1943.1,1438.8,1456.7,1442.0,1315.4,1243.2,1402.8,1027.7,1183.6,1173.9,974.3,1195.8,1036.1,1082.0,973.7,1095.0,1044.3,1080.6,965.6,1081.3,710.6,606.8,2377.4,1101.4,205.8,136.1,72.3
2017-04-01,9404.1,6043.1,4617.3,3563.6,3019.1,3231.9,2897.1,2726.2,2625.2,2684.5,2028.0,1990.4,2005.3,1941.6,1437.7,1456.6,1446.7,1316.3,1246.0,1404.7,1030.6,1184.6,1176.5,977.0,1198.6,1034.5,1083.4,969.8,1095.9,1047.5,1080.9,968.7,1082.7,710.4,606.8,2376.4,1103.3,205.8,135.8,71.9
2017-05-01,9441.4,6056.6,4621.7,3567.6,3024.8,3235.0,2904.1,2729.3,2634.7,2685.0,2030.4,1994.9,2009.8,1934.9,1446.2,1460.4,1448.2,1317.9,1249.8,1405.8,1033.9,1188.3,1179.1,978.0,1199.6,1035.7,1084.4,973.5,1096.0,1047.6,1080.5,970.9,1083.3,712.0,609.0,2382.1,1105.2,205.7,137.0,72.1
2017-06-01,9464.8,6067.0,4625.5,3576.4,3031.7,3237.7,2904.2,2739.5,2638.1,2688.3,2042.5,2001.1,2014.0,1941.6,1450.7,1464.8,1452.5,1321.9,1253.9,1408.3,1036.6,1192.0,1182.4,982.4,1199.5,1038.5,1088.5,975.9,1099.4,1049.7,1080.5,976.0,1085.0,714.0,610.8,2387.3,1108.5,206.7,137.1,72.4
2017-07-01,9465.6,6076.6,4624.6,3576.6,3018.0,3233.0,2906.1,2740.7,2638.5,2692.4,2042.7,1999.0,2006.5,1942.7,1454.3,1465.5,1452.1,1323.3,1255.2,1410.9,1038.4,1192.7,1184.5,987.5,1200.0,1039.1,1084.9,978.4,1099.2,1048.9,1084.0,974.9,1083.4,713.2,614.6,2387.4,1110.4,206.3,136.9,72.8
2017-08-01,9473.7,6085.1,4630.4,3584.4,3022.3,3236.9,2910.3,2749.8,2639.4,2696.9,2047.0,1999.8,2012.7,1943.5,1460.9,1468.3,1453.4,1327.0,1257.0,1411.6,1040.2,1196.3,1185.3,987.6,1202.7,1040.9,1086.9,979.7,1100.4,1050.1,1085.2,975.2,1084.4,715.7,617.3,2388.6,1110.9,206.7,137.6,72.5
2017-09-01,9485.9,6100.2,4636.6,3594.8,3014.1,3240.0,2913.7,2755.3,2583.2,2699.6,2053.6,2003.4,2015.6,1949.3,1468.0,1472.1,1459.4,1308.8,1245.7,1413.1,1042.9,1199.0,1186.6,992.3,1204.9,1042.2,1087.6,982.4,1100.6,1052.3,1087.6,979.6,1086.9,717.7,617.3,2395.4,1112.3,207.1,138.3,72.9
2017-10-01,9496.9,6114.0,4637.0,3604.8,3031.7,3245.5,2916.7,2761.9,2638.0,2700.6,2057.5,2006.6,2014.5,1948.6,1471.3,1474.5,1462.5,1330.9,1268.9,1414.5,1047.0,1198.9,1188.1,993.0,1205.6,1043.8,1089.2,983.5,1100.9,1054.4,1084.9,981.2,1086.8,719.7,618.8,2398.9,1113.1,202.9,137.2,71.1
2017-11-01,9509.2,6113.4,4639.2,3614.2,3040.0,3249.1,2920.0,2766.4,2643.1,2705.7,2061.8,2012.2,2019.3,1949.3,1476.3,1479.3,1464.7,1334.7,1273.7,1415.3,1048.1,1199.5,1189.4,997.5,1205.7,1044.6,1090.9,984.9,1101.6,1055.3,1088.4,982.7,1085.6,722.1,620.4,2403.5,1115.2,205.5,137.4,72.1
2017-12-01,9534.3,6127.6,4644.2,3617.6,3046.2,3251.9,2923.6,2769.6,2651.2,2709.5,2066.6,2018.4,2017.8,1951.6,1479.1,1484.1,1467.5,1335.2,1279.7,1416.1,1052.8,1201.2,1192.7,996.9,1207.4,1046.2,1090.4,989.9,1104.8,1057.5,1088.5,987.7,1086.6,724.5,621.6,2409.5,1117.0,207.3,138.5,72.8
2018-01-01,9507.9,6148.7,4641.4,3621.7,3045.8,3260.6,2922.3,2769.7,2654.7,2710.6,2071.7,2026.2,2021.9,1964.9,1484.5,1485.9,1472.9,1337.6,1281.2,1418.5,1057.5,1204.9,1193.4,999.9,1208.8,1046.2,1092.5,990.8,1103.8,1058.2,1083.4,989.9,1087.8,722.1,623.9,2413.7,1114.6,207.9,138.7,73.6
2018-02-01,9550.7,6147.8,4650.0,3631.2,3057.9,3273.0,2930.4,2775.6,2661.8,2716.9,2081.3,2029.5,2025.5,1968.8,1492.1,1488.6,1476.8,1341.4,1284.5,1420.8,1061.5,1209.2,1195.3,1003.3,1211.4,1049.4,1095.3,995.4,1105.3,1058.1,1087.4,992.6,1089.6,725.5,625.2,2422.3,1119.4,208.8,139.3,74.0
2018-03-01,9554.8,6154.0,4661.5,3639.1,3070.2,3270.0,2927.5,2782.7,2666.4,2718.5,2091.3,2034.6,2033.0,1964.7,1495.1,1496.7,1478.7,1344.4,1289.5,1423.5,1065.2,1211.8,1197.0,1007.6,1211.3,1053.2,1095.9,999.2,1105.4,1060.7,1087.5,992.6,1090.9,726.9,626.8,2425.9,1119.9,207.9,139.2,73.9
2018-04-01,9556.1,6151.6,4642.8,3641.6,3071.5,3272.5,2930.7,2785.8,2666.4,2719.6,2090.3,2035.4,2029.1,1960.2,1497.9,1498.0,1478.2,1345.1,1290.0,1423.8,1067.1,1214.4,1198.9,1007.1,1210.6,1056.5,1094.8,999.7,1106.0,1059.2,1086.6,996.3,1091.4,727.6,629.1,2429.6,1122.2,208.8,139.9,74.2
2018-05-01,9578.7,6145.9,4652.2,3653.8,3080.0,3276.8,2933.7,2791.6,2669.8,2725.7,2096.9,2040.0,2032.6,1963.9,1501.8,1501.1,1478.6,1347.0,1292.8,1425.2,1072.1,1216.8,1201.6,1010.4,1210.7,1058.0,1099.4,1002.7,1106.8,1061.7,1086.0,997.9,1093.3,729.1,630.3,2433.4,1124.6,208.6,139.9,74.2
2018-06-01,9599.9,6163.2,4657.6,3665.0,3091.4,3277.5,2941.8,2797.6,2671.4,2727.9,2101.9,2042.2,2036.8,1967.1,1507.3,1505.5,1482.5,1349.7,1296.1,1426.4,1075.9,1219.4,1206.1,1013.9,1210.3,1060.0,1101.4,1004.2,1111.0,1064.2,1089.3,1002.3,1095.2,732.8,631.3,2440.5,1128.3,208.8,140.5,74.5
2018-07-01,9583.3,6167.4,4669.8,3671.5,3091.0,3280.8,2940.2,2806.4,2680.1,2725.6,2108.8,2042.4,2033.8,1970.4,1509.0,1506.4,1482.6,1351.6,1298.8,1425.4,1079.1,1223.2,1204.3,1015.7,1212.5,1060.6,1102.1,1008.1,1113.9,1064.8,1089.6,1002.8,1096.9,733.6,628.5,2440.0,1127.9,208.7,140.1,74.3
2018-08-01,9587.5,6181.3,4669.5,3680.0,3102.1,3285.8,2943.3,2812.3,2691.3,2725.4,2114.4,2047.2,2037.6,1971.2,1511.5,1509.9,1485.3,1357.6,1303.5,1427.6,1084.5,1226.2,1204.8,1019.8,1211.3,1064.9,1104.7,1011.6,1113.8,1067.3,1090.0,1003.3,1098.7,735.4,631.9,2449.6,1129.6,209.2,140.5,74.1
2018-09-01,9591.8,6184.3,4669.6,3686.2,3104.7,3284.7,2947.2,2818.2,2695.8,2733.7,2122.5,2048.0,2033.5,1974.0,1518.7,1508.3,1485.6,1360.6,1307.8,1429.0,1087.9,1228.0,1209.4,1024.0,1213.6,1063.2,1106.0,1013.2,1115.7,1070.6,1091.6,1006.4,1098.0,737.6,627.9,2449.8,1131.1,209.3,140.7,74.4
2018-10-01,9637.0,6198.9,4670.1,3693.1,3115.0,3286.7,2955.6,2821.1,2701.7,2739.7,2126.7,2056.1,2045.7,1974.2,1517.2,1509.8,1485.5,1361.4,1313.3,1426.8,1091.6,1233.5,1211.8,1025.4,1215.7,1064.1,1105.8,1016.8,1115.0,1070.5,1091.8,1007.7,1099.6,738.4,634.5,2454.8,1133.9,208.9,141.2,74.2
2018-11-01,9653.5,6200.2,4678.3,3700.4,3120.7,3290.1,2956.9,2825.7,2702.6,2741.6,2133.3,2060.9,2045.1,1977.3,1520.0,1512.5,1487.2,1364.0,1316.7,1427.3,1095.0,1233.4,1215.6,1028.3,1216.1,1065.4,1104.5,1018.8,1117.4,1070.8,1091.8,1010.4,1100.8,741.0,635.0,2459.4,1135.6,209.1,141.9,74.4
2018-12-01,9666.4,6214.6,4675.7,3709.5,3129.2,3294.9,2956.0,2825.4,2702.6,2748.0,2135.8,2061.1,2043.7,1978.6,1523.6,1514.1,1492.3,1365.7,1316.1,1427.1,1097.9,1232.5,1217.2,1031.2,1216.5,1066.9,1104.8,1020.4,1116.4,1069.8,1092.0,1014.0,1101.3,742.3,634.4,2465.6,1137.7,209.4,141.7,74.6
2019-01-01,9671.4,6216.4,4678.7,3715.1,3133.4,3300.7,2963.9,2852.1,2707.4,2750.1,2144.9,2071.0,2042.4,1978.8,1529.8,1519.5,1496.1,1372.6,1319.1,1432.4,1100.8,1241.4,1223.4,1034.5,1220.1,1067.7,1108.1,1024.6,1115.4,1079.9,1093.2,1014.7,1104.2,742.1,642.1,2465.8,1139.5,208.2,141.9,74.4
2019-02-01,9689.2,6222.6,4673.9,3723.9,3142.2,3307.5,2964.1,2855.2,2712.1,2753.7,2148.2,2058.4,2043.3,1979.2,1530.2,1524.0,1495.6,1376.3,1327.0,1433.9,1105.9,1243.7,1218.8,1037.2,1218.5,1068.8,1105.2,1028.1,1115.1,1080.5,1090.3,1015.7,1104.5,743.1,641.1,2470.9,1141.0,207.4,141.8,74.2
2019-03-01,9702.6,6229.1,4675.0,3730.2,3140.2,3312.5,2968.2,2855.4,2713.3,2756.3,2156.5,2076.0,2044.5,1977.0,1535.8,1521.4,1496.6,1377.2,1329.7,1435.1,1107.6,1245.6,1220.1,1040.0,1218.2,1071.5,1107.5,1030.0,1117.2,1077.6,1091.5,1017.8,1104.0,746.0,642.3,2475.8,1143.0,208.1,141.7,74.6
2019-04-01,9712.7,6220.6,4680.8,3737.8,3145.0,3313.7,2974.7,2854.8,2716.0,2758.1,2161.7,2079.8,2039.7,1981.8,1541.8,1529.2,1497.5,1378.2,1331.4,1432.7,1110.9,1246.7,1222.8,1043.3,1219.9,1073.5,1109.5,1032.4,1118.6,1081.5,1097.7,1018.1,1104.3,751.3,642.5,2479.7,1140.9,207.5,142.2,74.6
2019-05-01,9707.7,6221.4,4691.0,3749.2,3152.4,3316.4,2975.2,2858.3,2714.6,2763.9,2169.7,2085.7,2042.9,1983.1,1543.0,1532.2,1498.4,1381.0,1333.1,1433.1,1113.3,1247.6,1224.7,1045.2,1218.9,1075.0,1110.2,1033.7,1120.0,1081.9,1098.6,1020.3,1105.4,753.6,642.7,2484.2,1142.6,207.8,142.1,74.9
2019-06-01,9717.2,6233.1,4695.6,3755.6,3155.3,3319.4,2978.0,2862.3,2715.4,2768.6,2170.5,2091.9,2045.1,1986.6,1548.5,1537.3,1501.0,1381.8,1334.2,1434.0,1114.7,1250.9,1226.7,1045.6,1220.2,1076.8,1112.2,1032.8,1121.1,1082.3,1098.7,1020.9,1105.0,752.7,642.6,2488.2,1143.5,207.9,141.9,74.6
2019-07-01,9713.4,6238.1,4698.5,3774.5,3167.9,3319.0,2981.9,2866.2,2727.1,2768.5,2175.4,2094.6,2042.7,1986.3,1551.5,1544.2,1503.6,1385.6,1337.4,1431.0,1122.4,1253.2,1229.7,1047.1,1219.3,1077.5,1114.6,1037.3,1121.6,1084.7,1096.5,1023.6,1107.6,751.3,643.6,2494.1,1146.7,209.0,141.8,74.8
2019-08-01,9721.0,6239.9,4696.7,3784.3,3175.5,3314.6,2987.4,2873.4,2738.2,2771.0,2190.2,2099.1,2049.1,1989.7,1559.5,1546.2,1505.9,1388.7,1342.2,1432.3,1127.5,1258.3,1232.2,1049.7,1221.5,1081.6,1116.0,1039.1,1122.2,1085.1,1099.4,1025.9,1107.2,755.2,645.4,2504.4,1150.7,210.2,142.2,75.2
2019-09-01,9726.2,6250.9,4690.0,3790.0,3180.6,3320.1,2989.0,2881.2,2731.3,2774.7,2193.5,2096.9,2046.6,1986.8,1557.6,1548.5,1503.6,1392.7,1340.6,1432.1,1129.6,1260.0,1232.3,1051.1,1221.9,1082.3,1117.5,1038.8,1124.8,1085.0,1100.9,1026.3,1107.3,757.2,647.5,2500.3,1150.0,210.5,142.9,75.0
2019-10-01,9731.4,6250.3,4697.8,3802.2,3179.2,3330.9,2990.7,2882.0,2743.6,2779.2,2197.5,2101.1,2043.0,1989.8,1569.0,1549.5,1510.4,1394.1,1344.2,1435.3,1132.2,1262.5,1233.2,1045.3,1221.4,1082.7,1119.3,1039.8,1126.7,1087.7,1102.4,1029.5,1106.2,759.1,650.1,2501.0,1152.4,210.4,141.5,75.0
2019-11-01,9763.2,6270.9,4698.2,3822.1,3185.7,3338.0,2998.4,2888.0,2751.4,2784.7,2205.9,2106.1,2050.2,1988.2,1582.2,1552.5,1515.5,1398.7,1346.8,1438.6,1138.2,1266.2,1236.4,1054.5,1221.8,1085.5,1121.9,1048.6,1129.4,1091.3,1103.9,1032.4,1107.2,760.4,651.6,2509.7,1156.7,210.3,141.7,74.9
2019-12-01,9767.5,6269.5,4703.5,3824.1,3186.3,3342.7,2998.2,2894.8,2755.6,2788.1,2214.6,2116.1,2056.0,1992.4,1583.5,1554.6,1512.7,1401.6,1350.6,1442.6,1141.7,1265.4,1238.5,1057.7,1221.0,1087.2,1123.7,1053.8,1130.5,1091.6,1106.6,1031.2,1107.9,760.8,653.0,2512.6,1159.8,210.5,141.6,74.8
2020-01-01,9800.3,6310.2,4712.5,3830.0,3195.4,3349.8,3002.4,2900.8,2755.3,2795.4,2217.8,2118.0,2049.4,2000.4,1588.1,1556.5,1519.0,1405.2,1352.4,1437.4,1147.7,1273.5,1240.7,1061.2,1218.2,1088.1,1123.5,1053.2,1129.3,1090.8,1105.6,1036.8,1106.8,759.6,656.6,2522.9,1164.5,211.4,142.7,75.1
2020-02-01,9805.7,6317.4,4707.5,3835.5,3199.7,3354.4,3006.5,2901.2,2757.3,2796.5,2218.2,2124.0,2052.2,1999.0,1588.6,1555.7,1523.0,1409.6,1354.5,1436.4,1148.5,1275.5,1240.6,1060.3,1220.3,1086.8,1123.0,1053.1,1127.5,1092.3,1109.3,1037.5,1107.5,762.6,658.1,2524.2,1165.5,211.9,143.5,75.2
2020-03-01,9683.7,6236.0,4658.8,3814.1,3177.5,3329.6,2980.6,2881.2,2724.9,2767.7,2208.4,2106.9,2031.5,1982.7,1578.8,1551.3,1505.2,1398.7,1343.9,1426.8,1141.8,1267.4,1226.9,1055.8,1207.9,1081.7,1111.8,1047.5,1118.7,1079.5,1104.0,1030.8,1095.0,761.2,656.4,2495.2,1152.0,209.5,142.3,73.9
2020-04-01,7859.0,5257.8,4044.3,3397.7,2832.2,2939.8,2489.7,2503.6,2306.1,2297.3,1967.7,1871.0,1516.1,1699.4,1367.8,1354.7,1264.8,1232.7,1144.2,1243.5,1005.0,1117.8,1063.6,918.0,988.3,952.4,966.3,777.8,957.8,946.6,968.9,897.2,937.2,694.9,576.9,2117.2,1008.4,171.8,122.0,57.0
2020-05-01,7979.5,5294.5,4056.2,3471.3,2886.3,2946.0,2544.8,2567.4,2387.7,2327.3,2035.7,1860.0,1577.6,1714.7,1389.1,1384.8,1274.2,1283.3,1097.8,1256.2,1028.3,1140.0,1070.1,933.5,1030.7,977.1,1002.1,775.2,984.9,973.7,995.5,910.1,966.0,711.5,587.3,2152.4,1025.7,175.1,123.3,59.2
2020-06-01,8139.7,5468.7,4144.9,3543.4,2929.4,2979.1,2625.1,2631.2,2496.4,2384.9,2086.9,1904.0,1758.0,1769.3,1461.4,1413.2,1331.9,1321.7,1137.6,1287.0,1053.8,1177.2,1100.9,966.6,1087.1,1003.5,1036.9,851.3,1028.3,1004.6,1027.2,942.1,1001.1,718.2,606.1,2190.3,1042.3,182.9,127.7,63.0
2020-07-01,8354.8,5492.3,4234.6,3576.7,2929.2,3035.1,2705.5,2657.3,2500.8,2448.2,2069.3,1924.4,1817.4,1794.1,1456.0,1426.8,1343.0,1324.0,1172.6,1307.0,1069.6,1195.0,1117.3,977.7,1096.4,1000.6,1050.6,883.1,1044.1,1025.0,1039.9,950.4,1009.5,725.8,614.4,2201.0,1047.2,184.8,128.5,63.9
2020-08-01,8536.6,5504.5,4292.4,3606.2,2943.2,3078.8,2733.9,2688.6,2496.0,2498.1,2095.0,1938.7,1846.8,1817.7,1473.8,1441.8,1348.8,1337.2,1181.4,1310.7,1081.5,1204.1,1130.5,991.0,1109.9,1012.0,1059.7,890.1,1052.3,1037.4,1050.4,952.8,1015.5,732.5,623.5,2213.2,1051.6,185.0,128.3,64.1
2020-09-01,8692.2,5552.0,4308.2,3629.8,2959.0,3106.8,2761.5,2703.6,2525.5,2527.4,2109.0,1953.5,1868.4,1829.8,1493.0,1455.4,1365.4,1338.2,1189.6,1328.9,1091.0,1214.7,1134.8,996.3,1116.0,1020.6,1066.0,897.5,1062.6,1042.5,1048.8,964.3,1026.4,736.9,630.8,2225.4,1060.1,186.1,128.4,64.3
2020-10-01,8800.3,5654.6,4347.3,3673.3,2981.9,3111.7,2788.4,2737.0,2545.7,2553.8,2129.9,1959.0,1897.6,1851.2,1514.0,1468.2,1387.9,1351.7,1208.8,1333.1,1102.9,1235.0,1138.8,1011.9,1120.4,1029.1,1072.5,908.9,1069.0,1051.6,1055.8,978.0,1032.5,743.2,637.0,2251.0,1063.9,187.1,129.4,64.6
2020-11-01,8793.7,5684.5,4319.2,3687.5,2994.2,3114.4,2790.7,2746.5,2556.4,2561.3,2142.8,1964.7,1895.9,1853.6,1521.8,1471.3,1390.8,1358.7,1225.8,1334.5,1108.9,1239.3,1142.4,1024.8,1122.8,1032.8,1075.1,915.4,1070.5,1053.2,1058.2,980.9,1034.4,747.1,640.8,2254.0,1067.0,187.7,129.3,65.1
2020-12-01,8806.0,5635.9,4320.2,3707.2,3001.5,3122.3,2781.3,2764.8,2569.4,2553.9,2151.9,1956.5,1868.8,1823.3,1517.1,1461.3,1375.7,1367.5,1234.2,1339.4,1118.0,1243.7,1130.0,1030.2,1113.7,1038.2,1078.8,915.5,1073.3,1053.4,1061.5,975.7,1035.3,749.7,645.2,2246.1,1065.2,187.6,129.7,65.0
2021-01-01,8831.8,5603.6,4349.9,3720.5,3005.1,3127.1,2802.0,2776.7,2584.1,2561.3,2160.2,1951.2,1886.9,1854.9,1507.5,1475.4,1368.8,1371.1,1229.1,1345.1,1122.3,1242.7,1137.5,1028.4,1120.2,1037.3,1086.8,918.1,1082.5,1059.9,1064.4,978.3,1040.3,756.4,646.7,2240.7,1064.0,186.1,129.2,63.3
2021-02-01,8845.9,5687.7,4379.9,3707.7,2991.1,3128.2,2806.7,2785.4,2595.8,2572.6,2168.3,1962.6,1911.5,1861.4,1534.7,1485.9,1395.8,1375.2,1234.8,1345.6,1118.6,1245.3,1143.2,1025.9,1123.0,1030.6,1086.6,927.8,1079.2,1059.3,1059.9,988.5,1040.6,757.2,648.7,2262.4,1074.2,189.2,130.1,65.4
2021-03-01,8892.7,5737.9,4392.9,3747.0,3018.1,3138.9,2823.8,2793.1,2607.2,2582.5,2180.2,1975.1,1915.4,1873.1,1541.0,1494.6,1404.9,1382.2,1243.9,1354.1,1131.7,1248.0,1153.8,1033.6,1129.0,1043.3,1088.0,939.3,1083.9,1065.0,1069.7,994.9,1042.1,760.1,653.5,2277.2,1078.8,190.5,131.1,66.4
2021-04-01,8944.5,5811.3,4412.4,3760.2,3028.0,3153.7,2832.6,2795.8,2615.0,2599.7,2182.2,1987.6,1899.3,1878.2,1553.3,1499.3,1418.0,1377.6,1250.9,1359.3,1143.5,1251.2,1159.2,1036.4,1131.1,1048.9,1088.3,955.7,1085.6,1065.8,1067.0,1002.6,1042.6,762.2,658.5,2300.3,1086.5,192.5,132.5,67.4
2021-05-01,8969.8,5851.6,4409.3,3770.2,3034.6,3162.3,2839.2,2810.2,2631.3,2603.4,2198.5,1992.1,1900.5,1879.7,1564.2,1506.3,1427.5,1389.7,1260.6,1362.9,1153.0,1253.8,1163.6,1043.0,1133.6,1055.2,1088.7,969.8,1089.4,1067.2,1070.2,1004.5,1042.5,762.5,662.9,2312.0,1089.3,192.8,132.5,67.3
2021-06-01,8995.3,5871.0,4423.9,3788.4,3046.4,3165.3,2848.4,2823.4,2650.0,2607.7,2214.9,1999.4,1911.6,1883.6,1571.0,1512.0,1433.5,1398.7,1276.6,1361.9,1162.0,1251.5,1169.2,1050.8,1136.9,1060.8,1093.0,989.2,1088.7,1068.4,1071.0,1008.4,1043.0,767.5,667.7,2321.2,1091.2,193.3,133.3,67.4
2021-07-01,9083.6,5948.9,4443.5,3838.4,3091.2,3194.1,2879.8,2868.3,2685.4,2637.3,2224.6,2011.8,1923.4,1897.3,1585.8,1526.0,1454.8,1407.8,1304.5,1374.0,1184.5,1262.9,1180.0,1061.7,1144.3,1068.1,1108.6,1009.4,1099.3,1081.9,1086.5,1022.7,1056.5,771.6,672.6,2351.6,1101.0,196.9,133.9,68.0
2021-08-01,9116.6,5989.7,4453.7,3846.3,3096.1,3208.2,2884.8,2873.0,2685.6,2647.4,2235.4,2021.9,1937.6,1899.0,1591.7,1525.9,1459.5,1413.8,1312.2,1378.9,1189.2,1260.0,1180.9,1067.7,1144.0,1067.5,1109.6,1014.8,1103.2,1086.1,1086.6,1023.9,1056.2,773.5,671.8,2362.9,1105.4,197.0,135.1,68.6
2021-09-01,9154.8,5961.9,4464.2,3862.3,3107.9,3212.8,2886.1,2877.4,2691.9,2645.4,2243.7,2034.1,1941.3,1885.6,1593.6,1533.2,1467.6,1422.1,1320.6,1377.7,1196.1,1262.9,1184.6,1067.2,1145.4,1075.2,1103.5,1014.7,1100.8,1079.7,1074.4,1023.5,1052.2,771.2,671.3,2365.0,1109.9,197.9,134.9,68.9
2021-10-01,9305.7,6060.9,4518.6,3912.5,3143.8,3236.1,2914.4,2917.5,2720.3,2672.4,2256.0,2053.3,1978.2,1912.1,1614.0,1549.0,1485.0,1435.5,1342.6,1384.3,1215.3,1282.1,1194.9,1078.3,1155.4,1087.6,1117.2,1030.6,1111.8,1096.9,1090.9,1033.8,1060.3,777.6,678.1,2402.1,1118.5,198.8,137.4,69.6
2021-11-01,9344.5,6083.9,4529.7,3933.8,3157.2,3244.5,2929.7,2927.1,2735.3,2679.8,2260.8,2062.4,1982.5,1916.2,1616.1,1557.5,1491.1,1443.2,1351.0,1388.1,1222.5,1286.3,1200.2,1082.6,1159.1,1090.7,1121.3,1038.6,1116.3,1099.8,1093.8,1035.7,1064.0,779.9,680.5,2409.8,1124.0,199.8,137.6,70.1
2021-12-01,9402.3,6105.5,4564.6,3956.7,3173.5,3259.8,2946.9,2934.6,2740.0,2682.1,2273.7,2068.0,1983.2,1923.7,1627.9,1563.5,1498.4,1450.7,1358.6,1399.9,1231.5,1291.6,1202.0,1091.5,1160.5,1095.4,1127.2,1045.6,1118.3,1104.5,1097.1,1038.6,1063.0,783.5,684.1,2422.2,1130.2,200.6,137.6,70.7
2022-01-01,9403.1,6098.3,4570.0,3956.7,3164.6,3236.3,2952.3,2933.6,2744.4,2684.3,2276.6,2060.4,1988.7,1921.0,1631.2,1568.2,1505.4,1451.6,1360.0,1393.3,1231.9,1290.3,1209.6,1097.3,1162.4,1100.7,1130.6,1046.1,1121.5,1107.5,1100.1,1039.4,1061.1,785.9,682.8,2428.1,1132.1,201.0,138.1,71.1
2022-02-01,9486.7,6152.8,4597.1,3986.8,3184.4,3258.4,2977.5,2955.8,2763.8,2700.1,2290.6,2081.0,1994.0,1930.9,1659.4,1574.9,1515.7,1457.9,1373.2,1402.4,1242.2,1304.5,1216.4,1106.3,1165.5,1108.7,1137.7,1059.0,1126.4,1110.6,1106.8,1047.4,1063.5,790.7,691.0,2442.9,1137.9,202.1,139.1,71.2
2022-03-01,9509.9,6166.5,4606.9,3998.3,3193.7,3255.6,2985.1,2963.7,2766.4,2702.1,2292.6,2088.6,2002.7,1926.6,1662.2,1580.6,1522.1,1460.0,1377.8,1396.3,1247.0,1308.2,1217.6,1111.4,1167.0,1111.8,1137.5,1066.2,1127.5,1114.3,1103.6,1051.1,1064.0,793.9,694.4,2452.2,1142.3,203.4,139.9,71.8
2022-04-01,9545.9,6192.8,4615.2,4028.6,3218.5,3270.0,2994.3,2977.7,2788.5,2712.0,2313.4,2093.7,2011.9,1938.0,1655.7,1592.4,1527.6,1472.7,1387.2,1402.8,1260.9,1312.4,1220.1,1117.0,1169.8,1115.2,1137.8,1076.9,1133.2,1118.3,1103.1,1054.2,1072.2,796.2,698.1,2456.9,1147.9,203.9,139.9,72.4
2022-05-01,9571.4,6191.9,4617.0,4037.3,3225.7,3273.4,2998.6,2981.9,2799.2,2708.4,2326.6,2095.8,2006.3,1937.7,1656.2,1592.2,1529.5,1477.0,1391.3,1404.3,1264.0,1314.9,1221.3,1120.4,1171.7,1116.9,1132.1,1082.2,1133.4,1118.3,1104.9,1055.3,1071.8,797.1,698.1,2462.0,1148.9,203.8,140.3,72.1
2022-06-01,9598.5,6208.7,4614.7,4044.3,3229.5,3254.7,2998.2,2982.5,2807.0,2712.6,2329.3,2096.9,2006.1,1933.9,1660.6,1586.7,1531.5,1479.5,1398.1,1395.4,1268.0,1315.1,1220.3,1125.2,1166.5,1120.3,1127.8,1086.1,1132.0,1118.0,1103.3,1055.6,1069.2,800.0,703.2,2470.3,1151.2,204.1,140.5,71.9
2022-07-01,9661.7,6226.3,4645.2,4096.6,3275.4,3293.7,3024.5,3016.2,2828.6,2726.4,2341.6,2106.6,2023.3,1946.2,1665.6,1596.2,1533.8,1488.7,1416.0,1409.7,1294.4,1322.7,1235.2,1129.6,1174.8,1129.4,1137.1,1090.5,1138.1,1126.8,1119.7,1061.3,1074.5,804.5,710.6,2471.3,1153.4,204.7,141.8,72.8
2022-08-01,9686.3,6227.6,4652.0,4113.8,3286.8,3302.6,3029.1,3019.4,2834.4,2730.9,2347.2,2115.9,2018.6,1947.3,1669.5,1600.3,1536.9,1495.9,1422.4,1414.6,1301.8,1324.6,1237.5,1134.7,1172.9,1132.2,1137.3,1093.8,1142.6,1129.5,1122.0,1063.1,1076.5,806.9,711.2,2477.2,1157.0,204.9,140.8,72.9
2022-09-01,9677.6,6231.1,4653.8,4124.4,3296.2,3306.0,3032.9,3026.1,2846.8,2733.3,2351.8,2111.6,2019.3,1945.2,1673.9,1601.6,1545.3,1499.1,1429.4,1417.2,1306.3,1327.9,1233.3,1139.6,1177.7,1137.6,1137.3,1098.3,1144.5,1132.1,1119.9,1063.8,1076.4,808.1,711.7,2473.8,1160.1,204.4,140.6,73.4
2022-10-01,9700.2,6226.2,4657.9,4140.0,3308.8,3302.8,3032.7,3034.3,2852.6,2735.2,2355.2,2112.0,2030.2,1946.6,1661.9,1608.3,1541.2,1500.5,1434.7,1404.6,1310.7,1328.5,1232.9,1141.0,1178.4,1138.4,1136.3,1098.3,1144.3,1132.9,1123.8,1061.3,1078.6,807.5,711.1,2469.5,1159.1,204.4,139.4,72.9
2022-11-01,9718.7,6221.4,4657.1,4148.1,3317.4,3309.5,3036.3,3037.9,2856.1,2738.7,2362.2,2109.3,2031.0,1948.9,1660.5,1612.4,1542.2,1504.2,1435.3,1405.7,1314.9,1329.8,1232.4,1142.8,1179.3,1139.8,1136.9,1100.5,1146.5,1134.3,1127.0,1064.3,1079.4,807.7,713.5,2474.3,1161.2,204.0,139.0,73.4
2022-12-01,9727.2,6234.8,4663.1,4146.4,3325.0,3307.1,3040.1,3036.6,2862.3,2732.6,2361.7,2112.2,2028.2,1949.8,1665.6,1612.6,1547.2,1507.9,1440.4,1407.7,1318.4,1331.6,1234.3,1144.2,1179.7,1142.8,1136.3,1101.8,1145.7,1136.3,1128.2,1066.0,1079.9,807.8,714.6,2469.9,1160.8,204.1,139.6,73.7
2023-01-01,9764.5,6228.5,4701.2,4167.6,3341.8,3322.6,3058.4,3045.7,2869.1,2744.9,2368.4,2118.9,2039.8,1962.4,1666.5,1615.3,1544.9,1513.8,1445.2,1413.1,1324.3,1339.6,1252.7,1151.3,1185.6,1148.7,1147.1,1110.8,1154.4,1144.2,1131.3,1062.5,1083.1,810.1,717.8,2466.8,1161.8,203.4,140.1,73.8
2023-02-01,9779.1,6220.7,4704.8,4170.5,3348.7,3326.7,3061.1,3047.5,2874.3,2748.0,2374.1,2119.3,2036.2,1962.8,1670.9,1616.8,1548.8,1515.8,1449.6,1413.9,1328.1,1342.5,1249.8,1153.6,1184.8,1151.1,1149.6,1112.8,1156.2,1145.1,1131.7,1066.3,1082.5,811.7,720.5,2467.2,1162.7,204.5,141.9,74.1
2023-03-01,9785.4,6218.5,4706.3,4181.7,3356.2,3329.1,3063.5,3048.9,2880.7,2750.1,2374.7,2118.7,2040.1,1964.3,1670.7,1623.2,1549.3,1518.5,1453.3,1414.7,1334.1,1344.4,1247.8,1155.8,1184.9,1157.2,1149.6,1116.5,1158.3,1146.8,1133.3,1065.5,1082.1,812.3,722.4,2463.4,1159.1,204.0,140.2,73.9
2023-04-01,9736.9,6213.6,4703.1,4186.4,3360.2,3332.6,3058.0,3049.8,2889.5,2748.5,2394.6,2119.8,2042.0,1960.1,1673.1,1625.9,1546.0,1523.6,1457.2,1424.6,1334.5,1344.3,1246.2,1159.1,1186.0,1155.4,1152.9,1115.2,1155.5,1149.3,1134.1,1065.2,1077.5,814.1,721.2,2463.7,1156.2,203.4,140.7,74.0
2023-05-01,9793.5,6226.1,4703.7,4190.1,3364.8,3339.1,3066.7,3050.8,2899.6,2750.5,2402.6,2120.0,2046.2,1967.1,1680.9,1628.8,1554.1,1524.3,1462.3,1428.2,1337.0,1347.1,1246.0,1160.1,1186.2,1156.5,1153.0,1119.7,1156.4,1152.9,1136.9,1071.8,1079.5,816.8,724.0,2464.3,1154.7,204.7,141.6,74.2
2023-06-01,9823.4,6234.4,4720.8,4200.1,3376.0,3345.2,3072.2,3061.6,2912.3,2753.7,2413.2,2127.7,2053.6,1973.4,1684.4,1632.4,1556.5,1529.7,1468.7,1432.2,1344.2,1353.8,1249.9,1168.5,1189.8,1163.5,1155.9,1126.4,1158.7,1152.1,1142.2,1074.5,1083.6,822.2,732.2,2464.3,1153.6,204.8,142.4,74.2
2023-07-01,9817.4,6220.5,4700.9,4208.6,3379.7,3341.4,3077.8,3063.2,2914.3,2756.0,2414.9,2111.2,2053.3,1969.7,1678.3,1633.0,1554.0,1532.6,1467.8,1433.0,1343.4,1353.5,1246.5,1164.0,1191.0,1161.0,1156.2,1121.1,1157.8,1151.4,1146.5,1075.2,1082.3,818.8,730.6,2453.0,1150.0,204.8,143.3,74.3
2023-08-01,9833.2,6219.7,4705.7,4215.0,3388.8,3348.0,3081.5,3069.5,2914.9,2758.3,2423.3,2111.0,2046.8,1970.7,1684.0,1635.7,1557.9,1535.4,1467.3,1434.0,1346.3,1354.9,1246.3,1164.3,1192.0,1162.8,1158.5,1121.7,1157.2,1157.8,1137.8,1076.1,1083.6,819.2,732.3,2455.3,1150.6,204.7,143.5,74.0
2023-09-01,9838.1,6230.6,4710.2,4218.5,3401.3,3349.0,3088.3,3077.6,2923.0,2762.2,2431.8,2109.5,2052.2,1974.9,1692.9,1633.8,1563.0,1535.4,1471.8,1435.8,1348.3,1356.3,1247.4,1169.6,1192.8,1166.9,1158.9,1130.8,1158.7,1160.8,1141.7,1079.3,1085.0,821.9,733.3,2456.2,1154.3,205.6,144.6,74.0
2023-10-01,9831.4,6222.9,4700.7,4216.6,3399.7,3349.9,3084.0,3076.1,2934.5,2760.7,2400.7,2106.8,2042.3,1975.9,1684.3,1628.2,1554.8,1538.2,1474.5,1434.6,1351.8,1357.4,1245.5,1171.5,1193.8,1169.9,1159.7,1134.2,1157.0,1161.0,1142.8,1078.5,1083.1,820.5,735.6,2450.2,1150.1,204.2,144.9,74.4
2023-11-01,9843.1,6219.9,4701.8,4224.6,3399.8,3353.0,3086.0,3078.8,2939.1,2761.6,2413.4,2111.2,2043.2,1974.4,1687.8,1624.3,1556.4,1540.4,1477.7,1438.5,1354.9,1358.9,1247.5,1175.9,1195.2,1171.1,1158.6,1136.9,1156.5,1163.0,1144.4,1082.7,1083.8,821.0,737.2,2450.2,1147.1,204.3,144.9,74.4
2023-12-01,9876.2,6258.3,4710.6,4227.5,3406.4,3359.2,3088.3,3082.9,2945.8,2763.6,2424.6,2116.6,2052.0,1974.1,1685.9,1630.1,1560.8,1540.7,1478.6,1439.9,1357.2,1361.5,1246.6,1177.6,1197.6,1171.2,1157.8,1142.4,1157.0,1164.4,1145.6,1081.6,1085.9,821.8,742.8,2451.0,1149.9,203.8,145.6,74.3
2024-01-01,9887.9,6319.6,4712.6,4236.7,3410.0,3375.3,3088.6,3087.2,2946.7,2759.8,2448.5,2118.6,2052.3,1975.9,1697.8,1628.7,1573.2,1543.8,1482.3,1460.7,1359.5,1359.4,1244.1,1176.0,1200.3,1174.7,1161.1,1142.8,1156.5,1164.0,1144.1,1088.8,1086.7,823.5,741.3,2462.6,1162.9,205.9,145.8,75.0
2024-02-01,9908.0,6289.8,4717.6,4239.6,3414.6,3373.5,3094.1,3086.5,2947.7,2761.2,2452.2,2124.6,2049.2,1975.8,1690.8,1635.7,1566.8,1544.5,1485.1,1458.3,1363.2,1362.4,1246.1,1178.1,1202.0,1173.8,1161.5,1148.2,1157.3,1167.9,1153.8,1084.4,1087.6,823.8,742.8,2448.8,1155.9,204.4,145.1,74.4
2024-03-01,9931.3,6292.3,4725.4,4240.8,3422.4,3382.4,3098.4,3098.5,2952.6,2766.3,2455.6,2130.4,2052.3,1984.4,1691.4,1639.2,1569.0,1545.5,1488.6,1458.0,1365.8,1363.2,1245.5,1184.3,1201.8,1175.8,1164.0,1146.5,1159.2,1167.9,1154.3,1088.1,1089.2,826.2,745.3,2447.6,1154.8,204.7,145.3,74.6
2024-04-01,9940.1,6277.2,4722.1,4244.2,3425.0,3378.2,3097.6,3101.2,2957.6,2759.1,2453.6,2125.8,2052.4,1982.4,1695.2,1631.4,1565.7,1545.9,1488.3,1454.2,1367.9,1366.0,1244.5,1181.1,1200.0,1178.1,1165.1,1146.5,1159.2,1170.7,1156.8,1087.8,1087.9,822.9,747.3,2441.4,1149.8,203.3,145.0,74.4
2024-05-01,9955.0,6266.8,4727.3,4251.8,3429.0,3382.4,3099.4,3106.2,2958.0,2760.4,2454.1,2129.9,2057.8,1984.3,1693.8,1637.3,1563.4,1547.3,1489.1,1453.7,1370.8,1367.0,1244.4,1183.7,1200.5,1180.6,1170.8,1149.7,1160.1,1176.0,1156.9,1088.7,1088.2,825.2,749.3,2442.6,1150.3,203.3,144.9,74.4
2024-06-01,9969.3,6257.4,4725.5,4256.6,3433.8,3384.2,3102.2,3106.6,2958.4,2766.1,2453.1,2128.7,2055.6,1992.3,1694.3,1641.3,1563.3,1549.0,1487.3,1454.7,1372.6,1367.7,1246.5,1190.0,1200.4,1182.4,1174.2,1145.2,1160.1,1173.9,1159.9,1089.2,1087.4,825.7,749.0,2435.9,1147.3,203.6,144.5,74.8
2024-07-01,9961.9,6280.6,4721.3,4263.0,3409.2,3393.1,3099.8,3106.8,2964.0,2757.8,2453.8,2127.7,2043.0,1981.3,1692.9,1639.3,1567.8,1547.6,1487.4,1456.5,1376.0,1366.9,1244.4,1184.2,1201.4,1181.6,1174.2,1141.4,1163.0,1170.3,1156.5,1089.6,1087.2,826.5,749.3,2434.5,1148.5,203.3,144.6,74.5
2024-08-01,9972.7,6280.1,4723.0,4271.4,3448.9,3392.3,3104.8,3107.9,2968.0,2760.2,2456.0,2127.2,2054.2,1986.1,1697.7,1640.1,1564.8,1547.3,1489.8,1456.2,1379.1,1368.3,1245.0,1185.5,1200.2,1186.1,1176.7,1143.8,1163.7,1173.2,1162.5,1093.0,1087.0,828.1,751.1,2429.0,1148.5,203.9,144.6,75.2
2024-09-01,10003.5,6287.2,4733.0,4276.5,3455.3,3401.6,3111.6,3109.1,2973.2,2760.0,2460.7,2133.0,2057.8,1989.4,1703.6,1644.3,1566.2,1550.9,1492.8,1458.5,1384.8,1370.9,1246.0,1185.7,1203.4,1185.8,1180.7,1146.7,1166.7,1174.8,1165.4,1094.4,1087.2,830.2,751.9,2427.0,1147.5,203.8,145.1,75.2
2024-10-01,10013.6,6314.8,4736.7,4283.1,3459.7,3403.5,3113.2,3110.5,2963.0,2761.5,2459.7,2093.4,2048.0,1989.4,1711.1,1642.6,1567.7,1517.0,1476.4,1459.2,1386.6,1373.1,1245.5,1184.5,1203.9,1186.0,1182.6,1148.4,1169.6,1177.3,1166.2,1097.8,1087.1,832.1,752.5,2427.9,1147.4,204.2,146.1,75.0
2024-11-01,10026.6,6308.0,4737.9,4289.5,3463.1,3408.2,3116.5,3113.0,2977.8,2760.7,2465.4,2124.8,2051.0,1993.1,1714.3,1643.8,1567.7,1548.5,1491.9,1459.1,1389.4,1374.0,1243.7,1185.0,1203.8,1187.7,1184.7,1148.5,1168.7,1179.4,1164.5,1097.0,1087.6,833.7,755.5,2424.4,1147.7,204.0,145.6,74.6
2024-12-01,10041.3,6283.7,4747.1,4296.1,3465.9,3411.5,3118.8,3113.0,2978.6,2759.0,2464.7,2132.6,2048.9,1995.2,1712.4,1644.4,1565.7,1548.5,1492.5,1460.6,1392.3,1374.7,1243.8,1185.2,1203.8,1189.5,1187.4,1150.0,1170.0,1179.8,1164.1,1097.6,1086.1,834.0,753.8,2417.3,1147.7,204.1,144.9,74.4
2025-01-01,10062.7,6281.9,4757.8,4290.0,3466.8,3405.6,3129.6,3111.1,2987.8,2759.9,2467.0,2130.5,2036.9,1994.0,1712.4,1649.8,1568.4,1553.4,1495.1,1460.8,1395.7,1377.0,1247.5,1188.6,1203.2,1189.1,1187.1,1149.1,1163.7,1178.5,1148.4,1100.0,1085.4,835.2,758.2,2425.4,1153.5,204.6,146.2,74.7
2025-02-01,10076.1,6277.4,4760.4,4296.2,3468.3,3404.7,3126.8,3112.0,2991.6,2754.1,2465.2,2125.7,2044.6,1993.1,1712.5,1637.2,1565.5,1555.4,1494.0,1459.3,1395.9,1376.8,1241.4,1187.8,1202.9,1189.7,1186.8,1147.8,1168.7,1179.0,1161.7,1098.2,1085.7,834.5,758.2,2419.4,1152.5,203.0,146.4,74.5
2025-03-01,10087.4,6278.3,4756.8,4301.0,3468.2,3402.7,3128.6,3107.1,2992.9,2752.8,2466.3,2123.1,2042.4,1993.4,1715.6,1640.9,1563.9,1557.0,1494.0,1459.3,1397.3,1378.1,1237.5,1186.9,1203.6,1189.5,1189.5,1152.1,1167.9,1180.5,1164.8,1099.9,1084.6,836.0,759.1,2419.1,1153.3,203.6,146.7,74.4
2025-04-01,9997.6,6312.2,4759.7,4309.9,3476.7,3396.9,3128.5,3113.8,2991.4,2750.6,2464.8,2126.4,2045.8,2003.2,1720.2,1642.5,1567.8,1555.7,1495.8,1453.8,1401.6,1380.1,1240.3,1193.6,1205.1,1192.3,1190.4,1155.9,1171.6,1181.5,1167.2,1102.9,1085.8,838.0,762.7,2418.7,1157.3,204.5,146.6,74.3
2025-05-01,10025.5,6307.7,4762.0,4315.1,3473.2,3396.4,3131.2,3114.9,2990.8,2747.1,2462.3,2133.6,2047.6,1999.2,1719.7,1643.5,1566.5,1555.4,1496.3,1454.0,1404.2,1382.4,1239.7,1193.7,1205.5,1192.1,1191.8,1156.8,1172.4,1182.2,1166.9,1102.1,1086.7,838.5,765.1,2417.1,1157.1,204.3,146.3,74.5
2025-06-01,10000.1,6287.9,4752.0,4304.6,3468.7,3384.6,3130.0,3108.2,2988.1,2736.0,2461.3,2130.0,2043.5,1994.2,1716.8,1628.4,1563.1,1551.0,1496.9,1450.3,1398.4,1383.9,1236.6,1189.3,1204.7,1185.6,1192.5,1152.5,1165.6,1181.2,1163.8,1100.9,1085.7,838.2,764.6,2414.2,1154.6,204.3,146.2,74.1
2025-07-01,10002.1,6279.3,4753.6,4316.2,3467.5,3376.7,3128.7,3119.5,2979.0,2739.8,2462.2,2124.1,2039.9,1992.7,1715.6,1641.8,1561.9,1549.7,1498.4,1444.8,1405.4,1385.7,1235.4,1189.2,1204.3,1185.9,1196.0,1166.9,1168.5,1181.6,1170.6,1099.7,1086.7,838.3,766.8,2416.6,1159.0,204.1,145.4,73.9
2025-08-01,10007.1,6289.5,4748.1,4316.4,3469.7,3367.2,3128.5,3120.5,2976.5,2735.2,2459.3,2120.8,2039.9,1994.7,1716.9,1642.1,1560.6,1548.9,1499.9,1446.4,1407.0,1386.4,1234.3,1193.8,1205.7,1186.4,1196.8,1172.7,1171.4,1184.9,1169.1,1100.8,1085.8,839.5,767.1,2416.5,1159.3,204.1,145.9,74.2
2025-09-01,10012.7,6271.3,4746.4,4318.6,3469.0,3359.9,3128.3,3118.5,2970.4,2732.4,2456.2,2120.0,2036.4,1998.1,1719.1,1641.9,1560.3,1547.7,1498.2,1444.8,1408.2,1385.3,1228.6,1190.2,1204.9,1185.1,1198.2,1165.6,1170.3,1181.8,1169.7,1100.3,1084.3,839.7,769.6,2416.9,1160.8,203.9,145.8,74.0
2025-10-01,10000.3,6275.7,4747.4,4308.0,3466.8,3311.5,3128.9,3109.0,2956.9,2729.4,2456.6,2121.4,2035.5,1994.4,1716.0,1643.1,1564.3,1545.4,1494.8,1432.8,1399.5,1386.4,1220.3,1188.5,1207.2,1182.4,1194.0,1166.1,1168.7,1173.4,1168.4,1103.3,1081.7,840.9,767.4,2421.5,1161.7,204.2,146.3,75.1
2025-11-01,9995.1,6280.7,4749.5,4311.9,3473.9,3311.7,3130.3,3110.5,2960.5,2727.6,2459.0,2121.6,2032.4,1994.5,1719.9,1640.9,1566.9,1547.3,1495.4,1436.1,1403.3,1389.5,1222.2,1193.7,1206.8,1184.3,1193.0,1165.9,1167.7,1169.3,1169.8,1105.5,1079.7,842.3,769.2,2425.8,1162.3,204.6,146.4,75.3
2025-12-01,10037.9,6282.4,4756.9,4319.6,3479.9,3312.4,3136.2,3113.8,2962.0,2729.2,2461.2,2127.0,2034.0,1994.3,1723.5,1642.6,1568.5,1549.2,1497.1,1436.0,1409.8,1391.7,1222.8,1196.5,1208.0,1186.7,1191.7,1169.2,1167.2,1167.9,1169.5,1106.9,1079.5,843.7,770.2,2426.1,1165.0,205.0,146.3,75.0
2026-01-01,10070.6,6307.8,4753.0,4323.5,3483.0,3303.2,3139.5,3110.9,2966.2,2729.8,2466.7,2123.5,2035.6,1995.2,1728.5,1645.1,1576.2,1549.0,1501.3,1444.0,1414.0,1390.7,1221.8,1197.1,1209.7,1192.3,1193.4,1171.8,1170.2,1170.9,1171.1,1108.3,1084.1,842.6,771.8,2429.6,1168.7,206.0,147.0,75.0
2026-02-01,10049.9,6288.7,4746.8,4319.9,3483.3,3293.0,3126.3,3108.3,2973.9,2728.8,2478.8,2120.7,2030.4,1991.6,1721.9,1632.8,1571.3,1550.7,1497.7,1440.1,1412.2,1389.2,1214.5,1194.6,1202.5,1188.8,1190.7,1172.3,1171.7,1170.1,1167.9,1106.8,1082.5,844.0,771.8,2430.6,1170.5,205.3,146.6,75.3
2026-03-01,10049.8,6297.7,4754.7,4340.8,3494.4,3299.3,3133.8,3119.9,2981.8,2732.1,2477.8,2122.1,2031.5,1991.9,1727.1,1633.0,1576.7,1552.0,1504.7,1441.6,1414.3,1391.5,1210.7,1197.4,1203.0,1192.3,1195.3,1176.5,1172.4,1173.9,1166.8,1107.6,1085.4,845.1,773.4,2430.3,1171.1,205.9,147.3,75.3
2026-04-01,10054.2,6297.6,4761.7,4343.9,3492.5,3302.9,3139.6,3129.1,2986.9,2739.2,2482.2,2128.1,2033.3,2000.3,1727.4,1638.2,1578.3,1556.2,1513.5,1442.0,1418.5,1397.4,1210.7,1197.6,1201.6,1193.3,1192.6,1175.4,1174.5,1172.9,1171.8,1108.2,1087.5,850.0,780.6,2428.8,1172.0,206.3,147.6,75.3
2026-05-01,10064.4,6298.0,4761.2,4348.6,3498.4,3302.9,3139.4,3124.8,2984.2,2738.7,2481.9,2135.3,2030.7,2006.7,1725.4,1637.7,1578.3,1555.4,1515.5,1442.4,1420.6,1399.8,1211.3,1201.3,1200.9,1194.8,1190.2,1175.1,1172.7,1172.0,1171.6,1107.5,1090.1,853.5,783.9,2426.5,1174.3,205.9,146.6,75.6
2026-06-01,10054.5,6311.1,4757.1,4361.8,3507.7,3311.0,3138.8,3116.3,2982.3,2747.9,2483.5,2133.8,2034.0,2015.1,1724.7,1638.5,1577.4,1554.0,1516.0,1443.8,1426.3,1400.4,1213.7,1204.7,1199.9,1193.8,1189.7,1174.5,1172.9,1168.5,1171.3,1106.1,1091.4,856.7,783.0,2424.8,1171.9,206.1,146.4,75.6
2026-07-01,10075.2,6307.0,4754.2,4362.6,3508.3,3315.1,3133.2,3115.5,2980.1,2747.2,2484.8,2136.9,2036.0,2016.8,1723.8,1646.3,1573.5,1555.0,1511.7,1444.3,1427.8,1402.8,1212.7,1202.8,1197.6,1195.9,1190.7,1176.8,1174.5,1169.6,1173.7,1103.6,1091.4,858.9,784.1,2424.1,1175.2,205.2,146.6,75.5
